Player,Age,Team,Pos,G,GS,MP,PER,TS%,3PAr,FTr,ORB%,DRB%,TRB%,AST%,STL%,BLK%,TOV%,USG%,OWS,DWS,WS,WS/48,OBPM,DBPM,BPM,VORP,Awards,Rk,salary,2026-27,2027-28,2028-29,2029-30,2030-31,Guaranteed,player_id,log_salary
Mikal Bridges,28.0,NYK,SF,82.0,82.0,3036.0,14.0,0.585,0.391,0.1,2.7,7.0,4.9,14.4,1.2,1.3,9.7,19.6,3.7,2.0,5.7,0.09,0.4,-0.9,-0.5,1.2,,77,24900000.0,33482145.0,36160714.0,38839285.0,41517856.0,,133382144.0,bridgmi01,17.030378361434938
Josh Hart,29.0,NYK,SG,77.0,77.0,2897.0,16.5,0.611,0.327,0.266,6.4,22.6,14.6,20.7,2.0,0.9,15.5,15.3,5.4,3.8,9.2,0.153,1.1,1.8,2.8,3.6,,93,19472240.0,20923760.0,22375280.0,,,,40396000.0,hartjo01,16.78450041952379
Anthony Edwards,23.0,MIN,SG,79.0,79.0,2871.0,20.1,0.595,0.503,0.308,2.4,14.8,8.7,20.9,1.6,1.7,12.0,31.4,4.6,3.8,8.4,0.14,4.4,0.0,4.3,4.6,MVP-7CPOY-3ASNBA2,23,45550512.0,48924624.0,52298736.0,55672848.0,,,202446720.0,edwaran01,17.634332422002238
Devin Booker,28.0,PHO,SG,75.0,75.0,2795.0,19.3,0.589,0.388,0.34,3.1,8.9,6.1,30.6,1.2,0.5,11.9,29.3,6.1,0.3,6.4,0.111,2.8,-2.4,0.4,1.7,,10,53142264.0,57078728.0,61015192.0,64065952.0,69191228.0,,235302136.0,bookede01,17.7884831018295
DeMar DeRozan,35.0,SAC,SF,77.0,77.0,2768.0,17.7,0.569,0.196,0.337,2.0,10.1,6.0,18.7,1.1,1.1,6.5,25.0,5.7,1.4,7.1,0.123,1.2,-1.2,-0.1,1.3,,78,24570000.0,25740000.0,,,,,24570000.0,derozde01,17.01703674449736
Tyler Herro,25.0,MIA,SG,77.0,77.0,2725.0,19.7,0.605,0.486,0.237,1.4,14.6,8.1,26.2,1.3,0.6,11.5,28.0,4.7,2.7,7.4,0.131,3.8,-0.7,3.1,3.5,AS,54,31000000.0,33000000.0,,,,,64000000.0,herroty01,17.24949776244942
OG Anunoby,27.0,NYK,PF,74.0,74.0,2706.0,15.4,0.591,0.448,0.22,4.2,11.0,7.6,8.5,2.0,2.2,8.3,19.7,3.7,2.8,6.5,0.116,0.7,0.1,0.7,1.9,,27,39568966.0,42500000.0,45431034.0,48362068.0,,,127500000.0,anunoog01,17.493555682112937
Christian Braun,23.0,DEN,SG,79.0,77.0,2675.0,16.0,0.665,0.273,0.261,4.2,12.2,8.4,10.1,1.5,1.2,8.1,15.8,6.2,1.9,8.0,0.144,0.8,-0.5,0.3,1.6,,268,4921797.0,21551726.0,23275863.0,25000000.0,26724137.0,28448274.0,129921797.0,braunch01,15.409184265685614
Bam Adebayo,27.0,MIA,C,78.0,78.0,2674.0,18.9,0.561,0.199,0.295,7.7,23.1,15.5,20.0,1.8,1.9,11.4,23.5,3.5,4.0,7.5,0.135,1.0,1.0,2.0,2.7,DPOY-10,40,37096620.0,49800000.0,53784000.0,57768000.0,,,140680620.0,adebaba01,17.429036418306048
Jayson Tatum,26.0,BOS,PF,72.0,72.0,2624.0,21.7,0.582,0.497,0.3,2.0,23.7,12.9,27.0,1.5,1.3,11.2,31.2,5.3,4.2,9.5,0.174,4.4,0.8,5.2,4.8,MVP-4CPOY-10ASNBA1,5,54126450.0,58456566.0,62786682.0,67116798.0,71446914.0,,242486496.0,tatumja01,17.806833533766422
Jaden McDaniels,24.0,MIN,PF,82.0,82.0,2614.0,13.3,0.562,0.363,0.153,5.6,14.2,10.0,9.0,2.1,2.6,9.6,16.3,2.3,3.9,6.3,0.115,-1.4,1.4,0.0,1.4,,79,24393104.0,26200001.0,28006898.0,29813790.0,,,108413793.0,mcdanja02,17.009811027367217
Keegan Murray,24.0,SAC,PF,76.0,76.0,2610.0,12.0,0.553,0.548,0.088,6.3,15.5,10.9,5.6,1.1,2.6,6.6,15.0,2.4,2.1,4.4,0.082,-0.8,-0.8,-1.6,0.2,,156,11144093.0,24137936.0,26068965.0,27999999.0,29931033.0,31862067.0,151144093.0,murrake02,16.226420139704874
Zach LaVine,29.0,SAC,SG,32.0,32.0,1170.0,15.9,0.642,0.45,0.201,1.0,9.9,5.4,15.6,0.8,0.2,13.5,23.7,1.7,0.4,2.1,0.086,1.8,-2.3,-0.4,0.5,,15,47499660.0,48967380.0,,,,,47499660.0,lavinza01,17.676233111084514
Shai Gilgeous-Alexander,26.0,OKC,PG,76.0,76.0,2598.0,30.7,0.637,0.263,0.404,2.8,12.6,7.8,31.3,2.4,3.0,8.6,34.8,11.9,4.8,16.7,0.309,8.9,2.6,11.5,8.9,MVP-1DPOY-10CPOY-8ASNBA1,34,38333050.0,40806150.0,61005000.0,65885400.0,70765800.0,75646200.0,276795400.0,gilgesh01,17.46182300632775
Derrick White,30.0,BOS,SG,76.0,76.0,2574.0,16.6,0.606,0.721,0.168,2.8,11.5,7.2,20.2,1.4,2.9,11.3,19.8,5.1,3.4,8.5,0.158,2.7,0.8,3.5,3.6,DPOY-10,62,28100000.0,30348000.0,32596000.0,34844000.0,,,91044000.0,whitede01,17.151280134303974
Dyson Daniels,21.0,ATL,SG,76.0,76.0,2571.0,15.6,0.545,0.255,0.152,5.1,14.2,9.6,17.9,4.2,2.0,13.6,18.2,1.3,3.7,5.0,0.093,-1.1,2.6,1.5,2.3,DPOY-2MIP-1DEF1,208,7707709.0,25000000.0,25000000.0,25000000.0,25000000.0,,107707709.0,daniedy01,15.85773155481982
Nikola Jokić,29.0,DEN,C,70.0,70.0,2571.0,32.0,0.663,0.243,0.331,9.0,28.2,19.1,44.1,2.4,1.6,12.8,29.5,12.7,3.8,16.4,0.307,9.9,3.3,13.3,9.8,MVP-2CPOY-2ASNBA1,3,55224526.0,59033114.0,62841702.0,,,,114257640.0,jokicni01,17.826917724164357
Austin Reaves,26.0,LAL,SG,73.0,73.0,2550.0,18.1,0.616,0.512,0.353,2.8,11.5,7.3,24.9,1.6,0.8,12.9,23.7,5.6,2.1,7.6,0.144,2.4,-0.5,1.9,2.6,,131,13937574.0,14898786.0,,,,,13937574.0,reaveau01,16.450098916587557
Toumani Camara,24.0,POR,PF,78.0,78.0,2548.0,12.5,0.572,0.503,0.176,7.2,12.1,9.6,9.6,2.2,1.8,12.4,14.4,2.5,2.6,5.2,0.097,-0.9,0.8,-0.1,1.2,DPOY-9DEF2,402,2221677.0,18080358.0,19526786.0,20973214.0,22419642.0,,83221677.0,camarto01,14.61377287407881
Pascal Siakam,30.0,IND,PF,78.0,78.0,2548.0,19.2,0.599,0.274,0.261,5.9,17.6,11.8,15.7,1.3,1.5,7.6,24.2,5.0,2.5,7.5,0.142,2.2,-0.5,1.7,2.4,AS,25,45550512.0,48924624.0,52298736.0,,,,146773872.0,siakapa01,17.634332422002238
Karl-Anthony Towns,29.0,NYK,C,72.0,72.0,2517.0,23.4,0.63,0.278,0.337,9.8,32.0,21.0,13.8,1.4,1.9,12.1,27.4,6.3,3.8,10.1,0.193,3.5,0.1,3.6,3.5,ASNBA3,11,53142264.0,57078728.0,61015192.0,,,,110220992.0,townska01,17.7884831018295
Bub Carrington,19.0,WAS,PG,82.0,57.0,2458.0,9.0,0.514,0.544,0.114,1.4,13.1,7.2,21.2,1.0,0.8,15.2,15.8,-0.4,0.6,0.2,0.005,-3.3,-1.3,-4.6,-1.6,,272,4677600.0,4900560.0,7257730.0,,,,9578160.0,carrica01,15.358295715843598
Cade Cunningham,23.0,DET,PG,70.0,70.0,2452.0,20.6,0.565,0.287,0.254,2.5,16.5,9.6,43.0,1.4,2.1,16.0,33.2,3.0,2.9,5.9,0.115,3.8,0.1,3.9,3.7,MVP-7ASNBA3,16,46394100.0,50105628.0,53817156.0,57528684.0,61240212.0,,269085780.0,cunnica01,17.652682853939165
Tyrese Haliburton,24.0,IND,PG,73.0,73.0,2451.0,21.8,0.616,0.559,0.221,1.9,9.7,5.9,38.9,2.1,1.8,9.8,21.6,8.1,2.3,10.4,0.204,5.7,0.2,5.8,4.9,NBA3,24,45550512.0,48924624.0,52298736.0,55672848.0,,,202446720.0,halibty01,17.634332422002238
LeBron James,40.0,LAL,SF,70.0,70.0,2444.0,22.7,0.604,0.312,0.261,3.4,21.2,12.6,40.3,1.4,1.5,15.5,30.1,4.9,2.8,7.7,0.152,4.9,0.7,5.6,4.7,MVP-6CPOY-7ASNBA2,12,52627153.0,,,,,,52627153.0,jamesle01,17.778742761243954
Domantas Sabonis,28.0,SAC,C,70.0,70.0,2429.0,22.9,0.655,0.175,0.324,12.3,32.6,22.4,26.0,1.0,1.0,16.5,21.6,7.4,2.7,10.1,0.199,4.2,1.1,5.2,4.4,,26,42336000.0,45472000.0,48608000.0,,,,136416000.0,sabondo01,17.561148345896818
Jamal Murray,27.0,DEN,PG,67.0,67.0,2418.0,17.8,0.584,0.354,0.219,2.2,9.3,5.9,23.2,1.8,1.2,10.1,24.0,4.6,1.6,6.2,0.123,1.8,-1.0,0.8,1.7,,18,46394100.0,50105628.0,53817156.0,57528684.0,,,207845568.0,murraja01,17.652682853939165
Alperen Şengün,22.0,HOU,C,76.0,76.0,2395.0,21.4,0.545,0.079,0.374,11.4,23.8,17.5,24.1,1.7,2.3,12.7,26.2,4.1,4.2,8.3,0.166,2.6,1.8,4.4,3.9,AS,47,33944954.0,35642202.0,37339450.0,39036697.0,39036697.0,,145963303.0,sengual01,17.340250770583662
Rudy Gobert,32.0,MIN,C,72.0,72.0,2389.0,18.3,0.687,0.0,0.535,12.5,23.8,18.2,7.5,1.2,4.1,12.4,13.0,6.1,4.0,10.1,0.204,0.6,1.3,1.9,2.4,DPOY-13DEF2,45,35000000.0,36500000.0,38000000.0,,,,71500000.0,goberru01,17.37085861945369
Tobias Harris,32.0,DET,PF,73.0,73.0,2306.0,13.9,0.571,0.328,0.206,3.1,17.5,10.4,9.8,1.5,2.4,8.8,17.6,2.3,2.9,5.2,0.108,-0.5,0.6,0.1,1.2,,67,26634146.0,,,,,,26634146.0,harrito02,17.097704634744304
Jalen Brunson,28.0,NYK,PG,65.0,65.0,2301.0,21.6,0.605,0.331,0.373,1.4,7.9,4.7,32.3,1.3,0.3,10.5,29.5,6.8,1.4,8.3,0.172,4.7,-1.3,3.3,3.1,MVP-10CPOY-1ASNBA2,46,34944001.0,37739521.0,40535041.0,43330561.0,,,113218563.0,brunsja01,17.36925736670393
Jarrett Allen,26.0,CLE,C,82.0,82.0,2296.0,22.1,0.724,0.008,0.433,10.5,26.7,18.8,9.5,1.6,2.9,11.3,15.9,7.6,4.0,11.6,0.243,3.0,1.2,4.2,3.6,,91,20000000.0,28000000.0,30240000.0,32480000.0,,,110720000.0,allenja01,16.811242831518264
Giannis Antetokounmpo,30.0,MIL,PF,67.0,67.0,2289.0,30.5,0.625,0.048,0.536,7.3,29.7,19.0,36.0,1.2,3.2,11.2,35.2,7.8,3.7,11.5,0.241,6.9,2.5,9.5,6.6,MVP-3DPOY-8ASNBA1,7,54126450.0,58456566.0,62786682.0,,,,112583016.0,antetgi01,17.806833533766422
Payton Pritchard,27.0,BOS,PG,80.0,3.0,2271.0,17.6,0.633,0.723,0.097,4.9,9.8,7.3,18.1,1.5,0.6,8.4,19.0,6.1,2.5,8.6,0.183,3.4,0.2,3.5,3.2,6MOY-1,213,7232143.0,7767857.0,8303571.0,,,,23303571.0,pritcpa01,15.79404595408875
Shaedon Sharpe,21.0,POR,SG,72.0,52.0,2252.0,14.5,0.551,0.428,0.219,3.2,12.7,7.8,14.2,1.3,0.6,11.0,25.1,1.3,1.7,3.0,0.064,0.0,-1.3,-1.3,0.4,,194,8399983.0,20089287.0,21696429.0,23303571.0,24910713.0,,98399983.0,sharpsh01,15.94374024000197
Stephen Curry,36.0,GSW,PG,70.0,70.0,2252.0,21.5,0.618,0.623,0.238,1.9,13.3,7.4,31.3,1.7,1.3,12.6,29.8,5.2,2.7,7.9,0.168,6.4,0.0,6.3,4.8,MVP-9CPOY-5ASNBA2,1,59606817.0,62587158.0,,,,,122193975.0,curryst01,17.90328050468941
De'Aaron Fox,27.0,SAS,PG,17.0,17.0,578.0,16.3,0.537,0.339,0.257,1.7,11.9,6.8,30.8,2.1,0.8,11.6,26.0,0.5,0.4,0.9,0.071,-0.6,-1.4,-2.0,0.0,,39,37096620.0,49800000.0,53784000.0,57768000.0,61752000.0,,260200620.0,foxde01,17.429036418306048
Jalen Williams,23.0,OKC,SG,69.0,69.0,2237.0,20.3,0.573,0.291,0.256,2.9,14.6,8.8,23.4,2.4,2.1,10.3,27.5,3.7,4.1,7.8,0.168,2.7,1.4,4.0,3.4,ASNBA3DEF2,224,6580997.0,41500000.0,44820000.0,48140000.0,51460000.0,54780000.0,247280997.0,willija06,15.69969681158038
Donovan Mitchell,28.0,CLE,SG,71.0,71.0,2232.0,20.9,0.575,0.48,0.274,2.8,12.5,7.8,23.9,2.0,0.7,9.2,30.9,4.8,2.8,7.6,0.163,3.8,-0.2,3.7,3.2,MVP-5CPOY-9ASNBA1,20,46394100.0,50105628.0,53817156.0,,,,96499728.0,mitchdo01,17.652682853939165
Harrison Barnes,32.0,SAS,PF,82.0,82.0,2230.0,14.9,0.656,0.527,0.291,4.7,10.3,7.4,8.6,0.8,0.6,6.1,15.7,5.0,0.5,5.6,0.12,1.7,-1.7,0.0,1.2,,96,19000000.0,,,,,,19000000.0,barneha02,16.759949537130716
Julius Randle,30.0,MIN,PF,69.0,69.0,2226.0,17.5,0.593,0.334,0.357,7.3,16.8,12.1,22.5,1.0,0.7,15.3,25.0,3.6,2.6,6.2,0.134,1.5,-0.2,1.3,1.8,,55,30864198.0,33333334.0,35802468.0,,,,64197532.0,randlju01,17.245107429348128
Amen Thompson,22.0,HOU,SF,69.0,42.0,2225.0,18.7,0.602,0.131,0.354,9.0,18.2,13.5,16.9,2.1,3.6,14.6,17.5,4.1,3.9,8.0,0.172,1.4,2.6,4.1,3.4,DPOY-5DEF1,177,9690600.0,12258609.0,,,,,21949209.0,thompam01,16.08666690145466
Naz Reid,25.0,MIN,C,80.0,17.0,2200.0,15.8,0.577,0.501,0.155,4.7,19.3,12.1,12.6,1.3,3.0,9.9,21.5,2.4,3.3,5.7,0.125,0.8,0.8,1.6,2.0,6MOY-5,86,21551724.0,23275862.0,25000000.0,26724138.0,28448276.0,,96551724.0,reidna01,16.8859663713142
Evan Mobley,23.0,CLE,PF,71.0,71.0,2167.0,22.3,0.633,0.254,0.337,8.4,24.0,16.5,15.1,1.4,4.7,12.2,23.2,5.3,3.8,9.0,0.2,3.1,1.5,4.6,3.6,MVP-10DPOY-1ASNBA2DEF1,17,46394100.0,50105628.0,53817156.0,57528684.0,61240212.0,,269085780.0,mobleev01,17.652682853939165
Taurean Prince,30.0,MIL,SF,80.0,73.0,2166.0,9.8,0.613,0.652,0.093,1.8,12.2,7.2,9.4,1.7,0.6,13.3,12.5,1.3,2.2,3.5,0.077,-2.0,0.3,-1.7,0.1,,309,3303774.0,3815861.0,,,,,3303774.0,princta02,15.01057600934644
Stephon Castle,20.0,SAS,SG,81.0,47.0,2162.0,13.7,0.522,0.337,0.348,4.4,10.3,7.4,22.8,1.7,0.9,13.4,26.0,0.1,1.0,1.1,0.025,-1.5,-1.7,-3.2,-0.6,ROY-1,179,9560520.0,10015920.0,12670139.0,,,,19576440.0,castlst01,16.073152676853763
Deni Avdija,24.0,POR,SF,72.0,54.0,2161.0,17.7,0.605,0.405,0.441,5.4,21.2,13.1,19.9,1.6,1.5,16.3,23.2,3.1,2.5,5.6,0.124,1.5,0.6,2.1,2.2,,122,14375000.0,13125000.0,11875000.0,,,,39375000.0,avdijde01,16.48100114464769
Jaylen Brown,28.0,BOS,SF,63.0,63.0,2158.0,17.8,0.555,0.32,0.288,4.1,14.4,9.3,21.4,1.7,0.8,11.4,28.9,2.3,2.9,5.2,0.115,0.4,-0.4,0.0,1.1,AS,9,53142264.0,57078728.0,61015192.0,64951656.0,,,236187840.0,brownja02,17.7884831018295
Scottie Barnes,23.0,TOR,PF,65.0,65.0,2134.0,17.8,0.523,0.263,0.284,5.3,20.2,12.6,27.7,2.1,2.8,13.4,27.0,0.6,2.9,3.5,0.078,1.5,0.9,2.4,2.3,,32,38661750.0,41754690.0,44847630.0,47940570.0,51033510.0,,224238150.0,barnesc01,17.47036129714521
Max Christie,21.0,DAL,SG,32.0,11.0,973.0,10.2,0.543,0.5,0.215,1.5,13.4,7.6,11.0,1.4,0.9,12.9,16.8,0.0,0.7,0.7,0.035,-2.4,-1.0,-3.4,-0.3,,207,7714286.0,8285714.0,8857143.0,,,,16000000.0,chrisma02,15.858584492510271
Josh Giddey,22.0,CHI,PG,70.0,69.0,2117.0,18.1,0.57,0.348,0.281,6.4,21.4,14.0,32.9,1.9,1.8,18.4,21.7,2.8,2.5,5.3,0.121,1.9,1.1,3.0,2.7,,74,25000000.0,25000000.0,25000000.0,25000000.0,,,100000000.0,giddejo01,17.034386382832476
Fred VanVleet,30.0,HOU,PG,60.0,60.0,2111.0,12.8,0.515,0.607,0.181,1.6,9.7,5.6,21.2,2.2,1.1,9.6,17.7,2.4,2.8,5.2,0.119,-0.4,1.3,0.9,1.5,,76,25000000.0,25000000.0,,,,,25000000.0,vanvlfr01,17.034386382832476
Keyonte George,21.0,UTA,PG,67.0,35.0,2109.0,12.9,0.539,0.552,0.31,1.3,11.5,6.5,26.9,1.0,0.4,14.9,24.3,0.9,0.1,1.1,0.024,-0.2,-2.5,-2.7,-0.3,,281,4278960.0,6563925.0,,,,,10842885.0,georgke01,15.269220547376761
Damian Lillard,34.0,MIL,PG,58.0,58.0,2093.0,21.3,0.621,0.528,0.396,1.6,12.1,7.1,29.7,1.6,0.4,12.2,27.8,5.6,2.0,7.6,0.175,4.7,-0.6,4.0,3.2,AS,83,36620603.0,35915403.0,36620603.0,22516603.0,22516603.0,,112583015.0,lillada01,17.416121563486865
Kelly Oubre Jr.,29.0,PHI,SF,60.0,57.0,2078.0,13.5,0.551,0.327,0.25,5.1,15.4,10.0,7.9,2.2,1.4,8.9,18.9,1.2,1.4,2.6,0.061,-1.7,-0.6,-2.3,-0.1,,195,8382150.0,,,,,,8382150.0,oubreke01,15.941615002797368
Luguentz Dort,25.0,OKC,SF,71.0,71.0,2073.0,11.3,0.586,0.696,0.078,4.7,10.3,7.6,6.9,1.8,1.9,7.7,13.6,2.4,3.2,5.6,0.129,-0.6,0.8,0.2,1.2,DPOY-4DEF1,102,18222222.0,18222222.0,,,,,18222222.0,dortlu01,16.718152396257132
Onyeka Okongwu,24.0,ATL,C,74.0,40.0,2064.0,19.0,0.634,0.216,0.316,11.4,24.0,17.5,11.4,1.6,3.0,10.4,17.3,4.9,2.3,7.2,0.168,1.2,0.2,1.3,1.7,,117,15000000.0,16120000.0,16880000.0,,,,48000000.0,okongon01,16.523560759066484
Malik Monk,26.0,SAC,SG,65.0,45.0,2054.0,15.0,0.549,0.456,0.19,1.6,11.7,6.7,25.7,1.5,1.8,13.5,24.6,1.3,1.4,2.8,0.065,0.3,-1.1,-0.8,0.6,,99,18797619.0,20190035.0,21582451.0,,,,38987654.0,monkma01,16.749240770843354
Jaylen Wells,21.0,MEM,SG,79.0,74.0,2043.0,10.5,0.56,0.58,0.2,4.6,9.3,6.9,8.4,1.0,0.4,8.6,15.9,2.1,1.4,3.5,0.083,-1.2,-1.0,-2.2,-0.1,ROY-3,433,1955377.0,2296271.0,2486995.0,,,,1955377.0,wellsja01,14.486093571685258
Jalen Duren,21.0,DET,C,78.0,78.0,2034.0,21.4,0.703,0.0,0.443,15.2,28.7,22.0,14.7,1.3,4.2,17.2,16.4,5.9,3.4,9.2,0.218,1.6,1.5,3.1,2.7,,226,6483144.0,,,,,,6483144.0,durenja01,15.684716135849369
Jalen Wilson,24.0,BRK,PF,79.0,22.0,2031.0,9.5,0.541,0.584,0.266,4.0,11.4,7.5,10.8,1.0,0.2,10.2,16.6,0.9,1.0,1.9,0.046,-2.6,-1.3,-3.9,-1.0,,409,2221677.0,,,,,,2221677.0,wilsoja03,14.61377287407881
Miles Bridges,26.0,CHO,PF,64.0,64.0,2029.0,17.7,0.541,0.413,0.233,3.7,21.9,12.6,21.7,1.1,2.2,10.2,28.0,1.3,1.8,3.2,0.075,2.3,-0.5,1.8,2.0,,75,25000000.0,22826087.0,,,,,47826087.0,bridgmi02,17.034386382832476
Davion Mitchell,26.0,MIA,PG,30.0,15.0,947.0,12.9,0.611,0.405,0.203,2.2,7.3,4.8,23.8,2.2,0.8,16.5,14.2,1.3,1.0,2.3,0.114,-1.5,0.8,-0.6,0.3,,151,11600000.0,12400000.0,,,,,24000000.0,mitchda01,16.266515656076592
Franz Wagner,23.0,ORL,SF,60.0,60.0,2023.0,20.1,0.558,0.303,0.268,3.0,17.1,9.7,26.6,1.9,1.0,9.6,31.0,2.6,3.1,5.6,0.133,2.6,0.5,3.1,2.6,,33,38661750.0,41754690.0,44847630.0,47940570.0,51033510.0,,224238150.0,wagnefr01,17.47036129714521
Quentin Grimes,24.0,PHI,SG,28.0,25.0,943.0,18.8,0.592,0.48,0.29,3.3,14.5,8.7,22.7,2.2,1.2,13.4,27.5,1.0,0.6,1.6,0.083,2.7,-1.5,1.2,0.8,,190,8741209.0,,,,,,8741209.0,grimequ01,15.983559067584522
Draymond Green,34.0,GSW,PF,68.0,66.0,1983.0,12.4,0.534,0.483,0.289,3.9,19.0,11.2,26.2,2.4,3.4,23.3,15.9,0.3,3.4,3.7,0.088,-2.3,2.8,0.5,1.3,DPOY-3DEF1,69,25892857.0,27678571.0,,,,,53571428.0,greendr01,17.069477697126505
Devin Vassell,24.0,SAS,SG,64.0,53.0,1983.0,14.2,0.553,0.483,0.135,1.8,12.0,6.9,13.8,2.0,1.5,8.5,22.1,0.9,1.3,2.2,0.054,-0.3,-0.8,-1.1,0.4,,65,27000000.0,27000000.0,24652174.0,27000000.0,,,105652174.0,vassede01,17.111347423968603
Klay Thompson,34.0,DAL,SF,72.0,72.0,1965.0,12.9,0.552,0.631,0.084,2.5,11.0,6.8,10.7,1.2,1.3,8.8,21.8,0.7,1.1,1.8,0.045,0.7,-1.6,-1.0,0.5,,111,16666667.0,17460317.0,,,,,34126984.0,thompkl01,16.62892129472431
Tyrese Maxey,24.0,PHI,PG,52.0,52.0,1960.0,19.5,0.562,0.438,0.265,0.8,9.6,5.0,28.0,2.3,1.1,9.2,29.8,2.9,1.0,3.8,0.094,3.2,-1.1,2.0,2.0,CPOY-10,37,37958760.0,40770520.0,43582280.0,46394040.0,,,168705600.0,maxeyty01,17.452010865208283
Yves Missi,20.0,NOP,C,73.0,67.0,1956.0,15.4,0.572,0.002,0.415,13.7,19.7,16.6,7.2,0.9,4.8,12.4,14.3,2.5,1.1,3.6,0.089,-1.6,-1.4,-3.0,-0.5,,307,3353040.0,3512760.0,5595827.0,,,,6865800.0,missiyv01,15.025377954992479
Bilal Coulibaly,20.0,WAS,SF,59.0,59.0,1948.0,10.8,0.515,0.359,0.296,4.8,10.9,7.8,14.9,1.9,1.9,15.1,17.9,-0.6,0.9,0.3,0.008,-3.0,-0.7,-3.7,-0.8,,212,7275600.0,9240012.0,,,,,16515612.0,coulibi01,15.800036841847822
Kyle Kuzma,29.0,MIL,PF,33.0,32.0,1049.0,10.5,0.545,0.389,0.265,2.9,15.7,9.6,9.9,0.7,1.1,14.3,21.4,-0.6,0.9,0.3,0.014,-2.9,-1.8,-4.7,-0.7,,84,22410605.0,20345152.0,,,,,42755757.0,kuzmaky01,16.925044842289093
Julian Champagnie,23.0,SAS,SF,82.0,29.0,1932.0,12.2,0.577,0.722,0.141,3.7,13.9,8.8,7.9,1.5,1.6,9.5,17.2,1.3,1.2,2.5,0.062,-0.3,-0.9,-1.3,0.4,,320,3000000.0,3000000.0,,,,,,champju02,14.914122846632385
Keon Johnson,22.0,BRK,SG,79.0,56.0,1925.0,10.4,0.499,0.515,0.178,3.5,14.5,8.8,14.6,2.1,1.5,12.1,21.7,-1.3,1.9,0.5,0.014,-3.1,-0.1,-3.3,-0.6,,352,2349578.0,,,,,,2349578.0,johnske07,14.669746295526831
Naji Marshall,27.0,DAL,SF,69.0,31.0,1919.0,15.1,0.584,0.306,0.225,4.4,14.0,9.3,15.8,1.8,0.5,12.5,20.0,2.0,1.5,3.5,0.087,-0.3,-0.5,-0.8,0.6,,185,9000000.0,9428571.0,,,,,18428571.0,marshna01,16.012735135300492
Gary Trent Jr.,26.0,MIL,SG,74.0,9.0,1893.0,11.7,0.591,0.659,0.14,1.2,8.2,4.8,6.4,1.8,0.2,5.7,17.1,1.6,1.7,3.3,0.084,-1.2,-0.4,-1.6,0.2,,294,3697105.0,3881960.0,,,,,3697105.0,trentga02,15.123060638922002
Anthony Black,21.0,ORL,PG,78.0,10.0,1887.0,11.6,0.521,0.315,0.318,3.0,11.4,7.0,19.4,2.3,2.4,16.4,19.6,-0.6,3.0,2.4,0.061,-3.1,1.2,-1.9,0.0,,205,7970280.0,10106316.0,,,,,18076596.0,blackan01,15.891230181893333
Josh Green,24.0,CHO,SG,68.0,67.0,1887.0,7.8,0.559,0.589,0.171,3.1,6.7,4.9,8.2,1.9,0.8,13.4,11.8,0.4,1.0,1.5,0.037,-4.5,0.2,-4.3,-1.1,,134,13666667.0,14679012.0,,,,,28345679.0,greenjo02,16.430470360390714
Nic Claxton,25.0,BRK,C,70.0,62.0,1882.0,16.5,0.569,0.037,0.271,9.0,22.7,15.5,13.7,1.6,5.3,12.0,16.8,1.8,2.5,4.3,0.11,-1.1,1.5,0.4,1.1,,71,25352272.0,23147727.0,20943184.0,,,,69443183.0,claxtni01,17.04837890923191
Andrew Nembhard,25.0,IND,SG,65.0,65.0,1881.0,11.7,0.545,0.325,0.252,2.0,10.7,6.4,22.5,2.0,0.5,15.8,16.3,1.1,1.7,2.8,0.071,-2.6,0.3,-2.3,-0.1,,104,18102000.0,19550160.0,20998320.0,,,,58650480.0,nembhan01,16.711532987369253
Cason Wallace,21.0,OKC,SG,68.0,43.0,1876.0,12.3,0.562,0.425,0.076,4.1,8.8,6.5,11.5,3.1,1.9,10.5,12.8,1.8,3.4,5.2,0.133,-1.5,2.6,1.0,1.5,,240,5820240.0,7420806.0,,,,,13241046.0,wallaca01,15.576852055970797
Derrick Jones Jr.,27.0,LAC,SF,77.0,55.0,1873.0,13.5,0.609,0.372,0.2,5.7,10.1,8.0,4.6,2.1,1.7,9.3,16.5,2.1,2.6,4.7,0.12,-1.0,0.7,-0.3,0.8,,175,10000000.0,10476190.0,,,,,20476190.0,jonesde02,16.11809565095832
Rui Hachimura,26.0,LAL,PF,59.0,57.0,1869.0,13.6,0.619,0.429,0.196,4.9,12.6,8.9,6.4,1.2,1.3,7.3,15.8,2.8,1.5,4.3,0.11,-0.1,-0.6,-0.7,0.6,,101,18259259.0,,,,,,18259259.0,hachiru01,16.72018285180385
RJ Barrett,24.0,TOR,SF,58.0,58.0,1869.0,16.5,0.547,0.312,0.317,3.4,17.9,10.5,27.3,1.2,0.9,12.9,28.7,0.6,1.7,2.4,0.061,1.2,-0.7,0.6,1.2,,63,27705357.0,29616071.0,,,,,57321428.0,barrerj01,17.13713634596126
Trey Murphy III,24.0,NOP,SF,53.0,51.0,1854.0,17.3,0.598,0.522,0.274,2.7,13.2,7.8,15.9,1.5,2.0,9.9,23.7,3.0,0.5,3.5,0.091,2.1,-1.4,0.8,1.3,,73,25000000.0,27000000.0,29000000.0,31000000.0,,,112000000.0,murphtr02,17.034386382832476
Zaccharie Risacher,19.0,ATL,SF,75.0,73.0,1843.0,12.2,0.558,0.442,0.191,5.0,11.1,8.0,7.1,1.3,1.8,9.8,20.9,0.6,1.1,1.8,0.046,-1.7,-1.8,-3.5,-0.7,ROY-2,140,13197720.0,13826040.0,17434637.0,,,,27023760.0,risacza01,16.395554645364797
Andrew Wiggins,29.0,MIA,SF,17.0,17.0,546.0,16.4,0.566,0.398,0.311,4.7,9.8,7.3,16.5,1.8,3.0,13.1,26.7,0.2,0.6,0.8,0.069,0.8,-0.1,0.7,0.4,,61,28223215.0,30169644.0,,,,,28223215.0,wiggian01,17.155655424193245
Isaiah Collier,20.0,UTA,PG,71.0,46.0,1839.0,9.7,0.494,0.305,0.277,1.9,11.8,6.9,34.3,1.7,0.8,25.0,18.9,-1.3,0.5,-0.8,-0.021,-3.8,-1.5,-5.3,-1.6,,339,2638200.0,2763960.0,4988948.0,,,,5402160.0,colliis01,14.785607424396957
Keldon Johnson,25.0,SAS,SF,77.0,0.0,1838.0,15.6,0.572,0.356,0.252,6.5,15.1,10.8,10.2,1.3,1.1,8.3,21.6,2.2,1.0,3.2,0.083,0.0,-1.6,-1.6,0.2,,108,17500000.0,17500000.0,,,,,35000000.0,johnske04,16.67771143889374
Royce O'Neale,31.0,PHO,SF,75.0,22.0,1837.0,12.6,0.585,0.774,0.046,3.3,17.5,10.6,12.3,1.8,1.7,10.1,15.5,1.6,1.2,2.8,0.073,0.2,-0.1,0.1,1.0,,170,10125000.0,10875000.0,11625000.0,,,,32625000.0,onealro01,16.130518170956876
P.J. Washington,26.0,DAL,PF,57.0,56.0,1835.0,14.0,0.556,0.359,0.298,5.0,20.9,13.1,10.1,1.7,2.8,13.6,20.4,0.3,2.1,2.4,0.062,-1.1,0.2,-0.9,0.5,,123,14152174.0,19813044.0,21398088.0,22983132.0,24568176.0,,102914614.0,washipj01,16.46537880982814
Alex Sarr,19.0,WAS,C,67.0,67.0,1814.0,12.9,0.482,0.412,0.199,7.1,17.9,12.5,13.9,1.2,5.0,11.2,23.5,-1.6,1.3,-0.3,-0.007,-2.2,-1.0,-3.3,-0.6,ROY-4,150,11808240.0,12370680.0,15611798.0,,,,24178920.0,sarral01,16.28430815081909
Kyrie Irving,32.0,DAL,SG,50.0,50.0,1804.0,19.9,0.594,0.38,0.226,3.7,10.6,7.2,20.5,1.8,1.1,9.7,27.4,3.4,1.3,4.6,0.124,3.9,-0.5,3.4,2.5,CPOY-10AS,42,36566002.0,39491282.0,42416562.0,,,,76057284.0,irvinky01,17.414629459566203
Kyshawn George,21.0,WAS,SG,68.0,38.0,1802.0,8.8,0.503,0.648,0.17,2.8,13.7,8.2,13.3,1.8,2.5,14.2,15.9,-0.9,1.1,0.1,0.003,-3.8,-0.3,-4.1,-0.9,,322,2966760.0,3108000.0,5435892.0,,,,6074760.0,georgky01,14.902981006213539
Kris Dunn,30.0,LAC,PG,74.0,58.0,1783.0,11.3,0.531,0.513,0.05,3.4,12.4,8.0,15.6,3.5,1.5,14.2,12.7,0.8,3.2,4.0,0.108,-2.8,3.4,0.6,1.2,,252,5426400.0,5684800.0,,,,,5426400.0,dunnkr01,15.506786488614006
Luka Dončić,25.0,LAL,PG,28.0,28.0,984.0,23.9,0.59,0.481,0.445,2.8,22.5,12.9,35.6,2.2,1.1,13.5,34.5,2.0,1.4,3.4,0.164,5.5,1.1,6.5,2.1,,22,45999660.0,49800000.0,53784000.0,57768000.0,,,149583660.0,doncilu01,17.644144563121706
Scoot Henderson,20.0,POR,PG,66.0,10.0,1759.0,12.5,0.54,0.434,0.301,3.1,9.2,6.1,28.1,1.9,0.7,18.6,22.5,0.4,1.4,1.8,0.049,-1.4,-0.8,-2.2,-0.1,,165,10748040.0,13585523.0,,,,,24333563.0,hendesc01,16.19023397033322
Wendell Carter Jr.,25.0,ORL,C,68.0,51.0,1758.0,13.7,0.544,0.322,0.356,9.4,23.4,16.0,11.5,1.5,2.2,11.9,16.0,1.6,3.0,4.6,0.125,-2.2,0.9,-1.2,0.3,,163,10850000.0,18102000.0,19550160.0,20998320.0,,,48502160.0,cartewe01,16.199675637950744
Mike Conley,37.0,MIN,PG,71.0,64.0,1756.0,13.3,0.573,0.662,0.192,2.1,9.3,5.7,24.5,2.2,0.7,12.9,14.4,3.0,2.2,5.2,0.142,-0.1,1.3,1.2,1.4,,466,11499872.0,,,,,,725834.0,conlemi01,16.257846462836753
Jimmy Butler,35.0,GSW,SF,30.0,30.0,980.0,22.2,0.617,0.204,0.692,7.5,10.7,9.1,26.5,2.5,0.8,9.2,20.6,3.7,1.2,4.9,0.242,3.8,1.2,5.0,1.7,,8,54126450.0,56832773.0,,,,,110959223.0,butleji01,17.806833533766422
Aaron Wiggins,26.0,OKC,SG,76.0,26.0,1744.0,16.1,0.596,0.466,0.122,5.1,12.9,9.1,10.6,1.7,1.0,8.3,20.3,2.7,2.7,5.4,0.148,1.3,-0.2,1.1,1.4,,172,10102803.0,9224300.0,8345797.0,8345797.0,,,27672900.0,wiggiaa01,16.128323468061094
Walker Kessler,23.0,UTA,C,58.0,58.0,1740.0,20.0,0.66,0.081,0.363,16.6,27.1,21.9,8.3,1.0,7.4,15.0,13.7,3.6,1.8,5.4,0.149,1.1,0.7,1.8,1.7,,270,4878938.0,,,,,,4878938.0,kesslwa01,15.4004381311952
Brandin Podziemski,21.0,GSW,SG,64.0,33.0,1716.0,14.4,0.557,0.491,0.151,4.0,16.8,10.2,18.7,2.0,0.7,10.1,18.3,1.9,2.3,4.2,0.117,-0.1,0.8,0.7,1.2,,295,3687960.0,5679459.0,,,,,9367419.0,podzibr01,15.120584017612819
Jabari Smith Jr.,21.0,HOU,PF,57.0,39.0,1716.0,12.6,0.562,0.489,0.223,6.4,18.6,12.4,4.7,0.7,2.1,8.9,16.4,1.9,2.2,4.2,0.117,-0.8,0.1,-0.7,0.6,,147,12350392.0,23643411.0,21751940.0,23643411.0,25534883.0,27426355.0,134350392.0,smithja05,16.329198361425217
Bradley Beal,31.0,PHO,SG,53.0,38.0,1702.0,15.2,0.598,0.38,0.197,2.3,9.1,5.8,17.6,1.7,1.5,11.6,22.1,1.9,0.6,2.4,0.068,-0.1,-1.0,-1.1,0.4,,94,24737010.0,25004710.0,19383010.0,19383010.0,19383010.0,,96915050.0,bealbr01,17.023811060712948
Jakob Poeltl,29.0,TOR,C,57.0,56.0,1686.0,20.0,0.641,0.005,0.249,11.7,23.3,17.4,14.5,1.9,4.0,14.7,18.7,3.0,2.5,5.5,0.158,0.7,1.3,2.0,1.7,,92,19500000.0,19500000.0,27300000.0,29484000.0,27300000.0,,95784000.0,poeltja01,16.785925023533974
Scotty Pippen Jr.,24.0,MEM,PG,79.0,21.0,1683.0,15.8,0.582,0.369,0.288,4.1,12.1,8.1,27.1,2.8,1.6,17.1,19.3,2.4,2.3,4.7,0.133,0.0,1.8,1.9,1.7,,397,2270735.0,2461462.0,2789215.0,,,,2270735.0,pippesc02,14.635614125595643
Santi Aldama,24.0,MEM,PF,65.0,16.0,1660.0,16.8,0.588,0.503,0.145,6.1,20.3,13.3,15.2,1.5,1.6,9.3,18.5,2.9,2.0,5.0,0.144,2.5,0.7,3.2,2.2,,100,18485916.0,17007043.0,17007043.0,,,,35492959.0,aldamsa01,16.73251970281731
A.J. Green,25.0,MIL,SG,73.0,7.0,1659.0,9.2,0.621,0.856,0.064,1.2,9.8,5.7,8.5,1.1,0.4,8.4,12.6,1.6,1.3,2.8,0.082,-1.7,-0.4,-2.2,-0.1,,355,2301587.0,10044644.0,10848215.0,11651786.0,12455355.0,,47301587.0,greenaj01,14.649109442958824
Terry Rozier,30.0,MIA,PG,64.0,23.0,1658.0,10.5,0.497,0.485,0.17,3.0,12.8,7.9,14.8,1.1,0.8,10.3,20.4,-0.5,1.5,1.0,0.029,-2.6,-1.0,-3.7,-0.7,,66,26643031.0,,,,,,26643031.0,roziete01,17.09803817344071
Peyton Watson,22.0,DEN,SF,68.0,18.0,1656.0,11.4,0.564,0.318,0.32,3.3,11.8,7.7,7.0,1.4,5.0,10.3,13.9,1.0,1.5,2.5,0.073,-2.1,0.3,-1.8,0.1,,279,4356476.0,,,,,,4356476.0,watsope01,15.287174031628778
Moses Moody,22.0,GSW,SG,74.0,34.0,1649.0,12.4,0.578,0.593,0.234,3.3,9.2,6.2,8.3,1.7,1.8,7.9,17.4,1.7,1.8,3.5,0.102,-0.9,0.0,-0.9,0.5,,152,11574075.0,12500000.0,13425925.0,,,,37500000.0,moodymo01,16.2642782411364
Tristan Da Silva,23.0,ORL,SF,74.0,38.0,1629.0,9.9,0.522,0.495,0.13,4.9,12.7,8.6,10.3,1.0,1.1,9.9,15.2,0.5,1.9,2.5,0.073,-2.3,-0.3,-2.6,-0.3,,292,3809520.0,3991200.0,6138466.0,,,,7800720.0,dasiltr01,15.153013754914232
Donte DiVincenzo,28.0,MIN,SG,62.0,10.0,1606.0,14.1,0.582,0.739,0.106,2.2,13.3,7.9,20.2,2.2,1.0,13.8,19.4,1.6,2.2,3.9,0.115,0.8,1.1,1.9,1.6,,148,11990000.0,12535000.0,,,,,24525000.0,divindo01,16.299583527003698
Isaiah Joe,25.0,OKC,SG,74.0,16.0,1604.0,14.0,0.617,0.793,0.095,2.8,10.1,6.6,9.7,1.4,0.6,5.8,17.2,2.9,2.2,5.1,0.153,1.4,-0.1,1.3,1.4,,146,12362338.0,11323006.0,11323006.0,,,,23685344.0,joeis01,16.330165150681644
Miles McBride,24.0,NYK,SG,64.0,10.0,1593.0,12.6,0.531,0.57,0.117,3.4,8.1,5.8,15.6,2.1,1.0,6.7,16.8,1.8,1.4,3.2,0.098,-0.4,0.4,0.0,0.8,,280,4333333.0,3956523.0,,,,,8289856.0,mcbrimi01,15.281847549834621
Isaiah Hartenstein,26.0,OKC,C,57.0,53.0,1590.0,18.9,0.599,0.04,0.244,11.2,29.6,20.6,18.3,1.4,3.9,15.3,16.7,3.2,3.6,6.8,0.205,0.6,2.6,3.2,2.1,,60,28500000.0,28500000.0,,,,,28500000.0,harteis01,17.16541464523888
Gradey Dick,21.0,TOR,SG,54.0,54.0,1587.0,10.9,0.543,0.504,0.24,2.9,10.3,6.5,8.9,1.5,0.6,10.4,21.0,0.2,1.2,1.4,0.042,-1.9,-1.3,-3.2,-0.5,,265,4990560.0,7131511.0,,,,,12122071.0,dickgr01,15.423058685879907
Paolo Banchero,22.0,ORL,PF,46.0,46.0,1582.0,20.0,0.551,0.299,0.423,3.5,22.4,12.5,26.0,1.1,1.7,11.2,33.6,1.1,2.4,3.5,0.106,3.4,0.2,3.5,2.2,,115,15334769.0,41500000.0,44820000.0,48140000.0,51460000.0,54780000.0,201254769.0,banchpa01,16.545633291836985
Patrick Williams,23.0,CHI,PF,63.0,36.0,1576.0,9.0,0.512,0.527,0.161,2.9,12.7,7.9,10.3,1.4,1.8,13.5,16.9,-0.9,1.3,0.4,0.012,-3.0,-0.7,-3.7,-0.7,,106,18000000.0,18000000.0,18000000.0,18000000.0,,,54000000.0,willipa01,16.70588231586044
Obi Toppin,26.0,IND,PF,79.0,4.0,1545.0,17.4,0.642,0.503,0.19,4.1,18.7,11.5,11.9,1.4,1.6,9.5,20.1,2.7,1.6,4.3,0.135,1.8,-0.1,1.7,1.4,,128,14000000.0,15000000.0,16025000.0,,,,45025000.0,toppiob01,16.454567887579532
Grayson Allen,29.0,PHO,SG,64.0,7.0,1544.0,13.7,0.631,0.716,0.233,2.5,11.3,7.0,12.5,1.7,1.2,12.2,17.6,2.0,0.6,2.5,0.079,0.7,-1.0,-0.3,0.7,,109,16875000.0,18125000.0,19375000.0,,,,35000000.0,allengr01,16.641343794722868
Sam Hauser,27.0,BOS,PF,71.0,19.0,1541.0,12.8,0.632,0.842,0.023,3.1,12.7,7.9,5.8,1.3,0.8,4.6,14.3,2.6,1.8,4.4,0.136,0.9,-0.1,0.8,1.1,,173,10044644.0,10848215.0,11651785.0,12455356.0,,,45000000.0,hausesa01,16.12255011508547
Ziaire Williams,23.0,BRK,SF,63.0,45.0,1541.0,11.9,0.55,0.581,0.237,4.3,17.5,10.6,8.5,2.0,1.8,10.5,18.2,0.5,1.6,2.1,0.065,-2.2,-0.1,-2.3,-0.1,,231,6250000.0,6250000.0,,,,,6250000.0,willizi02,15.648092021712584
Victor Wembanyama,21.0,SAS,C,46.0,46.0,1527.0,24.2,0.594,0.47,0.221,5.7,29.8,17.7,18.3,1.6,10.4,13.7,30.4,1.0,2.8,3.8,0.118,3.6,2.9,6.5,3.3,AS,138,13376880.0,16868246.0,,,,,30245126.0,wembavi01,16.40903840161627
Jerami Grant,30.0,POR,PF,47.0,47.0,1524.0,10.9,0.523,0.516,0.289,1.8,10.0,5.8,9.5,1.3,2.7,9.1,19.4,0.6,1.2,1.8,0.057,-1.4,-0.3,-1.6,0.1,,52,32000001.0,34206898.0,36413790.0,,,,66206899.0,grantje01,17.281246492014
Kyle Filipowski,21.0,UTA,C,72.0,27.0,1522.0,14.9,0.594,0.425,0.276,8.0,23.1,15.6,13.9,1.5,1.4,14.9,18.7,1.5,1.0,2.5,0.078,-0.6,-0.3,-1.0,0.4,,318,3000000.0,3000000.0,3000000.0,,,,3000000.0,filipky01,14.914122846632385
Ja Morant,25.0,MEM,PG,50.0,50.0,1519.0,19.3,0.563,0.321,0.359,2.4,11.8,7.1,36.0,1.9,0.7,15.2,32.2,2.0,1.5,3.5,0.112,3.1,-0.7,2.4,1.7,,29,39446090.0,42166510.0,44886930.0,,,,126499530.0,moranja01,17.490445487543145
Matas Buzelis,20.0,CHI,SF,80.0,31.0,1511.0,12.5,0.571,0.479,0.195,3.9,15.2,9.6,7.2,0.9,4.3,10.9,18.7,0.5,1.4,1.9,0.06,-2.0,-0.5,-2.5,-0.2,ROY-7,250,5455560.0,5715360.0,7584283.0,,,,11170920.0,buzelma01,15.512145830092148
LaMelo Ball,23.0,CHO,PG,47.0,47.0,1505.0,19.1,0.536,0.526,0.228,3.3,13.4,8.2,43.8,1.8,0.8,13.1,35.9,0.9,1.1,2.0,0.065,4.1,-0.9,3.2,2.0,,38,37958760.0,40770520.0,43582280.0,46394040.0,,,168705600.0,ballla01,17.452010865208283
Dalton Knecht,23.0,LAL,SF,78.0,16.0,1494.0,12.7,0.594,0.61,0.151,2.9,13.1,8.1,6.5,0.8,0.5,5.9,18.5,1.7,1.0,2.7,0.086,-0.1,-1.7,-1.8,0.1,,285,4010160.0,4201080.0,6452860.0,,,,8211240.0,knechda01,15.204341698736135
Kevin Porter Jr.,24.0,MIL,SG,30.0,2.0,598.0,20.2,0.616,0.29,0.38,2.5,18.3,10.7,28.0,3.1,0.3,15.4,24.8,1.1,0.9,2.0,0.163,0.9,1.2,2.1,0.6,,260,5134000.0,5390700.0,,,,,5134000.0,porteke02,15.451395640413223
Lauri Markkanen,27.0,UTA,PF,47.0,47.0,1476.0,15.6,0.571,0.57,0.264,5.3,14.9,10.1,7.5,1.1,1.1,7.8,24.0,1.8,0.3,2.2,0.07,1.8,-2.1,-0.3,0.7,,19,46394100.0,46113154.0,49824681.0,53536209.0,,,195868144.0,markkla01,17.652682853939165
Jamal Shead,22.0,TOR,PG,75.0,11.0,1467.0,9.9,0.499,0.442,0.137,2.1,6.4,4.2,29.8,1.9,0.7,18.0,18.6,-0.2,1.1,0.8,0.027,-3.2,-0.9,-4.1,-0.8,,427,1955377.0,2296271.0,,,,,1955377.0,sheadja01,14.486093571685258
Aaron Gordon,29.0,DEN,PF,51.0,42.0,1447.0,17.0,0.65,0.346,0.36,6.4,12.1,9.4,15.0,0.8,0.9,11.3,19.0,3.6,0.7,4.3,0.143,2.7,-1.5,1.2,1.2,,82,22841455.0,33658037.0,36350680.0,39043323.0,,,92850172.0,gordoaa01,16.94408764475109
Isaiah Stewart,23.0,DET,C,72.0,4.0,1434.0,14.6,0.616,0.168,0.276,10.1,20.6,15.4,11.3,0.9,6.7,16.1,12.4,2.1,2.2,4.3,0.144,-1.6,2.1,0.6,0.9,,119,15000000.0,15000000.0,15000000.0,,,,30000000.0,stewais01,16.523560759066484
Brice Sensabaugh,21.0,UTA,SF,71.0,15.0,1432.0,13.4,0.612,0.621,0.122,3.2,12.6,7.9,12.0,1.5,0.5,14.5,21.5,0.9,0.3,1.2,0.042,0.4,-1.6,-1.2,0.3,,334,2693760.0,4862237.0,,,,,7555997.0,sensabr01,14.806448545124288
Goga Bitadze,25.0,ORL,C,70.0,42.0,1430.0,19.2,0.631,0.083,0.392,12.7,25.0,18.6,14.8,1.7,6.6,15.3,14.3,2.8,3.0,5.8,0.195,-0.3,2.8,2.5,1.6,,196,8333333.0,7608696.0,,,,,15942029.0,bitadgo01,15.935774054164364
Kel'el Ware,20.0,MIA,C,64.0,36.0,1422.0,17.4,0.603,0.239,0.144,9.1,27.5,18.4,6.5,1.4,4.8,10.4,17.2,1.7,2.5,4.1,0.14,-0.7,0.6,-0.1,0.7,ROY-6,277,4443360.0,4654920.0,7135992.0,,,,9098280.0,wareke01,15.306921404969147
Tari Eason,23.0,HOU,PF,57.0,16.0,1420.0,18.5,0.567,0.329,0.186,9.4,17.9,13.6,8.5,3.3,3.2,9.7,19.4,2.1,2.9,5.0,0.169,1.0,2.6,3.6,2.0,,245,5675766.0,,,,,,5675766.0,easonta01,15.551716090196601
Zach Edey,22.0,MEM,C,66.0,55.0,1416.0,18.2,0.624,0.12,0.293,17.5,23.4,20.5,6.1,1.2,5.5,15.3,16.4,2.7,2.2,4.9,0.165,-0.2,0.1,-0.1,0.7,ROY-5,235,6045000.0,6332760.0,8067937.0,,,,12377760.0,edeyza01,15.61474204203103
T.J. McConnell,32.0,IND,PG,79.0,1.0,1415.0,18.4,0.547,0.079,0.123,3.5,11.6,7.6,37.0,2.8,1.3,14.2,23.4,1.5,1.7,3.2,0.109,0.6,0.6,1.2,1.2,,169,10200000.0,11000000.0,11800000.0,11800000.0,,,33000000.0,mccontj01,16.1378982782545
Ryan Dunn,22.0,PHO,SF,74.0,44.0,1410.0,10.7,0.517,0.553,0.082,7.5,13.5,10.6,5.7,1.5,2.7,7.5,16.7,0.2,0.7,1.0,0.034,-2.9,-1.2,-4.1,-0.7,,337,2657760.0,2784240.0,5025553.0,,,,5442000.0,dunnry01,14.792994220724903
Sam Merrill,28.0,CLE,SG,71.0,4.0,1401.0,11.1,0.583,0.868,0.068,3.0,8.9,6.1,9.6,1.8,0.9,7.4,14.3,1.8,1.5,3.3,0.113,-0.4,0.7,0.3,0.8,,192,8482144.0,9160715.0,9839285.0,10517856.0,,,38000000.0,merrisa01,15.953473806000599
Julian Strawther,22.0,DEN,SG,65.0,4.0,1384.0,9.5,0.559,0.553,0.185,1.4,9.5,5.6,7.6,1.4,1.0,9.8,17.8,0.5,0.8,1.3,0.043,-3.1,-1.4,-4.5,-0.9,,335,2674200.0,4826931.0,,,,,7501131.0,strawju01,14.799160828162702
Nick Smith Jr.,20.0,CHO,SG,60.0,27.0,1369.0,8.3,0.502,0.539,0.081,1.0,9.1,5.0,16.7,0.6,0.4,12.2,20.8,-0.9,0.3,-0.5,-0.019,-3.2,-2.6,-5.7,-1.3,,333,2710680.0,,,,,,2710680.0,smithni01,14.812710083889321
Jaime Jaquez Jr.,23.0,MIA,SF,66.0,17.0,1368.0,14.3,0.543,0.258,0.307,6.8,16.5,11.7,17.9,2.2,1.0,15.7,20.2,0.5,1.8,2.3,0.081,-1.4,0.5,-0.9,0.4,,289,3861600.0,5939141.0,,,,,9800741.0,jaqueja01,15.16659216332842
Nicolas Batum,36.0,LAC,PF,78.0,8.0,1367.0,10.3,0.633,0.853,0.088,4.0,14.0,9.0,7.8,1.9,2.6,12.1,9.0,1.5,2.0,3.5,0.124,-1.2,2.0,0.8,1.0,,247,5601600.0,5881680.0,,,,,5601600.0,batumni01,15.538562829182538
Jeremy Sochan,21.0,SAS,PF,54.0,23.0,1364.0,15.9,0.589,0.194,0.267,10.0,17.7,13.8,13.7,1.6,1.8,13.8,19.0,1.7,1.1,2.7,0.096,-0.8,-0.4,-1.2,0.3,,216,7874853.0,,,,,,7096231.0,sochaje01,15.87918507583508
Bogdan Bogdanović,32.0,LAC,SG,30.0,4.0,750.0,14.0,0.608,0.534,0.119,1.8,12.1,7.0,18.7,1.4,0.7,11.6,18.6,1.1,0.9,2.0,0.128,0.1,0.1,0.2,0.4,,112,16020000.0,16020000.0,,,,,16020000.0,bogdabo01,16.589348499604487
Justin Champagnie,23.0,WAS,SF,62.0,31.0,1340.0,15.7,0.614,0.47,0.178,8.6,18.6,13.6,6.8,2.3,2.6,10.9,15.6,1.6,1.2,2.8,0.1,-0.3,-0.2,-0.5,0.5,,349,2349578.0,2667944.0,3005085.0,,,,5017522.0,champju01,14.669746295526831
Paul George,34.0,PHI,PF,41.0,41.0,1334.0,14.5,0.543,0.47,0.17,2.0,17.2,9.3,20.9,2.8,1.5,14.7,23.5,-0.2,1.2,1.0,0.036,-0.5,0.1,-0.4,0.5,,13,51666090.0,54126380.0,56586670.0,,,,105792470.0,georgpa01,17.7603122248628
Ausar Thompson,22.0,DET,SF,59.0,48.0,1328.0,17.2,0.568,0.107,0.309,9.3,15.9,12.6,14.4,3.5,2.9,13.3,19.1,1.5,2.4,3.8,0.138,-0.8,2.5,1.7,1.2,,188,8775000.0,11117925.0,,,,,19892925.0,thompau01,15.987417327316203
Donovan Clingan,20.0,POR,C,67.0,37.0,1324.0,17.4,0.574,0.147,0.311,17.3,26.1,21.6,8.3,1.2,7.5,15.9,14.2,1.8,2.2,4.0,0.144,-1.7,1.4,-0.3,0.6,,214,7178400.0,7519920.0,9550298.0,,,,14698320.0,clingdo01,15.786587074965984
Jordan Hawkins,22.0,NOP,SG,56.0,9.0,1321.0,9.6,0.504,0.597,0.176,2.0,11.2,6.5,7.3,1.1,1.7,8.8,21.0,-0.7,0.1,-0.5,-0.02,-2.4,-3.0,-5.4,-1.2,,271,4741320.0,7021895.0,,,,,11763215.0,hawkijo01,15.371826135915278
Tyrese Martin,25.0,BRK,SG,60.0,11.0,1315.0,10.9,0.533,0.606,0.125,4.8,14.6,9.5,14.6,1.3,0.7,13.1,18.8,0.0,0.9,0.9,0.033,-1.4,-1.2,-2.6,-0.2,,420,2191897.0,,,,,,2191897.0,martity01,14.600277936894928
Jonathan Mogbo,23.0,TOR,PF,63.0,18.0,1286.0,11.9,0.496,0.197,0.23,8.9,17.3,13.0,15.3,2.1,2.5,15.1,15.0,0.3,1.6,1.9,0.071,-2.9,1.0,-1.9,0.0,,426,1955377.0,2296271.0,,,,,1955377.0,mogbojo01,14.486093571685258
Jalen Johnson,23.0,ATL,SF,36.0,36.0,1284.0,17.3,0.569,0.26,0.232,5.2,26.0,15.3,20.5,2.0,2.6,15.1,22.5,0.8,1.6,2.4,0.089,0.5,1.4,1.8,1.2,,59,30000000.0,30000000.0,30000000.0,30000000.0,30000000.0,,150000000.0,johnsja05,17.216707939626428
Max Strus,28.0,CLE,SF,50.0,37.0,1273.0,12.6,0.607,0.786,0.091,4.6,13.6,9.2,15.6,1.0,0.9,12.2,14.7,2.2,1.3,3.4,0.13,1.1,0.2,1.3,1.1,,113,15936452.0,16660836.0,,,,,32597288.0,strusma01,16.584119621858097
Ron Holland,19.0,DET,SF,81.0,2.0,1266.0,11.1,0.556,0.363,0.293,3.5,15.5,9.5,8.9,1.9,1.3,13.3,18.1,0.2,1.5,1.8,0.067,-3.3,0.3,-3.0,-0.3,,191,8657280.0,9069600.0,11491183.0,,,,17726880.0,hollaro01,15.973911143442912
Dean Wade,28.0,CLE,PF,59.0,30.0,1252.0,10.1,0.563,0.819,0.111,4.5,16.6,10.8,7.3,1.6,1.4,7.2,10.4,1.3,1.7,3.0,0.113,-1.0,1.2,0.3,0.7,,223,6623456.0,,,,,,,wadede01,15.706127846070876
Tidjane Salaün,19.0,CHO,PF,60.0,10.0,1244.0,7.7,0.457,0.594,0.272,5.9,18.4,12.0,8.5,1.1,1.1,13.1,15.2,-0.9,0.9,0.0,0.002,-4.3,-0.8,-5.2,-1.0,,206,7863240.0,8237880.0,10445633.0,,,,16101120.0,salauti01,15.877709293209104
Bobby Portis,29.0,MIL,PF,49.0,7.0,1244.0,17.7,0.542,0.299,0.123,8.2,27.0,18.0,12.9,1.4,1.9,8.3,24.1,0.9,1.9,2.7,0.106,0.6,-0.4,0.2,0.7,,136,13445754.0,14521414.0,15597074.0,,,,27967168.0,portibo01,16.41417392643992
Moussa Diabaté,23.0,CHO,C,71.0,8.0,1241.0,16.5,0.609,0.021,0.414,15.7,22.0,18.8,6.8,1.8,3.2,15.6,13.4,1.8,1.5,3.2,0.125,-1.4,-0.4,-1.9,0.0,,400,2270735.0,2461462.0,,,,,,diabamo01,14.635614125595643
Ben Sheppard,23.0,IND,SG,63.0,9.0,1229.0,9.2,0.555,0.693,0.094,4.0,12.0,8.0,8.6,1.5,1.0,6.9,11.3,1.0,1.0,2.1,0.081,-2.2,0.2,-2.0,0.0,,328,2790720.0,5031669.0,,,,,7822389.0,sheppbe01,14.841810185020758
Daniel Gafford,26.0,DAL,C,57.0,31.0,1226.0,24.7,0.716,0.0,0.486,14.1,20.3,17.2,10.2,0.9,7.1,11.9,19.5,4.4,1.5,5.9,0.232,2.7,1.1,3.8,1.8,,121,14386320.0,17263584.0,18126763.0,18989942.0,,,68766609.0,gaffoda01,16.481788313010235
Caleb Martin,29.0,DAL,SF,14.0,0.0,275.0,8.0,0.454,0.222,0.333,4.0,12.0,8.1,12.3,2.1,0.9,13.6,14.9,-0.2,0.2,0.0,0.008,-5.0,-0.3,-5.3,-0.2,,178,9594044.0,10001493.0,9371351.0,,,,19595537.0,martica02,16.07665304723334
Brandon Clarke,28.0,MEM,PF,64.0,18.0,1207.0,17.6,0.638,0.045,0.229,11.3,17.3,14.3,7.4,2.0,2.7,8.9,15.3,2.7,1.7,4.4,0.174,0.0,0.8,0.8,0.9,,144,12500000.0,12500000.0,,,,,25000000.0,clarkbr01,16.34123920227253
Deandre Ayton,26.0,POR,C,40.0,40.0,1206.0,17.7,0.583,0.068,0.128,10.9,26.0,18.2,8.5,1.2,2.9,12.2,19.4,1.2,1.6,2.8,0.113,-0.3,-0.4,-0.7,0.4,,70,33654814.0,8104000.0,,,,,25550814.0,aytonde01,17.33166666474402
Jarace Walker,21.0,IND,PF,75.0,5.0,1187.0,11.9,0.59,0.514,0.192,2.4,19.0,10.8,12.2,2.2,1.9,16.7,17.1,0.1,1.5,1.6,0.065,-1.8,0.8,-0.9,0.3,,222,6665520.0,8478542.0,,,,,15144062.0,walkeja02,15.712458528056459
Kawhi Leonard,33.0,LAC,SF,37.0,37.0,1180.0,20.5,0.589,0.305,0.194,3.4,17.4,10.5,16.4,2.5,1.4,9.6,27.7,1.5,1.9,3.5,0.141,2.5,0.6,3.1,1.5,,14,50000000.0,50300000.0,,,,,100300000.0,leonaka01,17.72753356339242
Nikola Jović,21.0,MIA,PF,46.0,10.0,1156.0,13.8,0.595,0.557,0.231,2.5,14.6,8.6,16.6,1.6,1.1,12.6,18.3,1.2,1.3,2.5,0.104,-0.3,0.6,0.3,0.7,,276,4445417.0,16200000.0,14904000.0,15096000.0,16200000.0,,66845417.0,jovicni01,15.307384235803292
Justin Edwards,21.0,PHI,SF,44.0,26.0,1155.0,11.3,0.559,0.503,0.122,4.3,10.4,7.3,8.9,1.9,1.4,11.0,16.9,0.4,0.5,0.9,0.039,-2.1,-1.6,-3.7,-0.5,,422,2048494.0,2411090.0,2616754.0,,,,4459584.0,edwarju01,14.532615446992354
Kenrich Williams,30.0,OKC,PF,69.0,7.0,1132.0,13.7,0.587,0.483,0.11,6.3,16.3,11.4,11.0,1.8,0.9,9.5,15.4,1.6,1.9,3.6,0.151,-0.4,0.9,0.6,0.7,,215,7163000.0,7163000.0,,,,,7163000.0,willike04,15.784439445596588
Aaron Nesmith,25.0,IND,SF,45.0,37.0,1122.0,14.6,0.653,0.515,0.211,3.7,13.9,8.8,6.6,1.5,1.4,8.2,17.4,1.9,1.0,2.9,0.126,0.0,-0.5,-0.5,0.4,,158,11000000.0,11000000.0,19418000.0,20971440.0,,,62389440.0,nesmiaa01,16.213405830762646
Ja'Kobe Walter,20.0,TOR,SG,52.0,18.0,1103.0,10.8,0.523,0.473,0.211,5.6,10.1,7.8,10.2,1.9,0.9,10.4,18.2,0.3,0.9,1.2,0.052,-2.3,-0.6,-3.0,-0.3,,298,3638160.0,3811800.0,5870172.0,,,,7449960.0,walteja01,15.10698861730201
Jaxson Hayes,24.0,LAL,C,56.0,35.0,1093.0,15.8,0.72,0.013,0.439,8.3,19.1,13.9,7.5,1.4,4.4,13.9,12.4,2.3,1.4,3.7,0.162,-1.6,1.3,-0.3,0.5,,303,3449323.0,,,,,,3449323.0,hayesja02,15.053688537867489
Jonathan Isaac,27.0,ORL,PF,71.0,1.0,1090.0,16.6,0.512,0.466,0.33,12.0,21.5,16.5,5.5,2.8,7.0,8.2,16.2,0.8,2.5,3.4,0.148,-1.1,1.8,0.7,0.7,,118,15000000.0,14500000.0,14500000.0,15000000.0,,,44000000.0,isaacjo01,16.523560759066484
Cody Williams,20.0,UTA,SG,50.0,21.0,1060.0,3.7,0.419,0.525,0.156,2.8,8.7,5.7,7.4,1.0,1.4,13.8,12.5,-1.2,0.1,-1.2,-0.053,-6.1,-1.2,-7.3,-1.4,,241,5742480.0,6015600.0,7669890.0,,,,11758080.0,willico04,15.563401730735668
Oso Ighodaro,22.0,PHO,PF,61.0,6.0,1045.0,11.1,0.61,0.011,0.267,7.2,16.2,11.9,9.1,1.3,2.6,15.7,10.5,1.1,0.6,1.6,0.075,-2.9,0.3,-2.6,-0.2,,428,1955377.0,2296271.0,2486995.0,,,,1955377.0,ighodos01,14.486093571685258
Jamison Battle,23.0,TOR,SF,59.0,10.0,1042.0,10.7,0.59,0.746,0.052,3.7,12.8,8.1,7.1,0.8,0.9,7.1,15.3,1.0,0.7,1.7,0.079,-0.9,-1.3,-2.3,-0.1,,440,1955377.0,2296271.0,,,,,,battlja01,14.486093571685258
Noah Clowney,20.0,BRK,PF,46.0,20.0,1042.0,9.2,0.516,0.702,0.215,4.5,15.8,9.9,5.9,1.1,2.0,10.2,19.0,-0.3,0.8,0.5,0.023,-3.1,-1.0,-4.1,-0.5,,305,3398640.0,5414034.0,,,,,8812674.0,clownno01,15.03888590956505
Alex Caruso,30.0,OKC,SG,54.0,3.0,1041.0,15.9,0.568,0.541,0.162,4.0,12.2,8.2,16.6,4.0,2.9,9.9,15.2,1.6,2.3,3.9,0.18,0.1,3.9,4.0,1.6,6MOY-8,103,18102000.0,19550160.0,20998320.0,22446480.0,,,81096960.0,carusal01,16.711532987369253
Kris Murray,24.0,POR,SF,69.0,6.0,1040.0,9.1,0.472,0.43,0.204,7.7,11.3,9.5,9.0,1.6,1.5,12.4,13.9,-0.2,0.9,0.7,0.033,-3.1,0.1,-3.0,-0.3,,313,3132000.0,5315004.0,,,,,8447004.0,murrakr01,14.957182336092831
Dejounte Murray,28.0,NOP,PG,31.0,31.0,1012.0,15.4,0.494,0.352,0.251,1.8,20.1,10.7,34.6,3.0,1.1,16.2,27.3,-0.7,0.9,0.2,0.009,-1.3,-0.3,-1.6,0.1,,56,30801103.0,32785071.0,30751504.0,,,,63586174.0,murrade01,17.243061058990893
Jalen Suggs,23.0,ORL,PG,35.0,35.0,1002.0,14.4,0.536,0.503,0.229,2.5,14.2,8.1,21.6,2.5,3.2,16.2,27.5,-0.7,1.8,1.1,0.052,-0.8,1.3,0.4,0.6,,44,35000000.0,32400000.0,29600000.0,26800000.0,26700000.0,,123800000.0,suggsja01,17.37085861945369
Andre Jackson Jr.,23.0,MIL,SG,67.0,43.0,980.0,8.6,0.554,0.386,0.122,7.5,12.5,10.1,10.9,1.7,1.3,21.8,11.9,0.1,1.0,1.2,0.059,-3.6,0.2,-3.4,-0.3,,412,2221677.0,2406205.0,,,,,,jacksan01,14.61377287407881
Zach Collins,27.0,CHI,PF,28.0,8.0,552.0,17.2,0.635,0.353,0.253,12.4,23.0,17.8,14.6,1.3,2.2,16.4,17.1,1.1,0.6,1.7,0.149,-0.1,0.2,0.1,0.3,,105,18080496.0,,,,,,18080496.0,colliza01,16.710344346180328
Jalen Smith,24.0,CHI,C,64.0,2.0,962.0,18.7,0.586,0.544,0.218,9.9,28.7,19.5,9.7,0.8,4.0,7.6,21.0,1.7,1.3,2.9,0.146,1.5,-0.6,0.9,0.7,,186,9000000.0,9428571.0,,,,,18428571.0,smithja04,16.012735135300492
Jordan Clarkson,32.0,UTA,SG,37.0,9.0,962.0,14.5,0.54,0.471,0.29,2.8,10.4,6.6,22.9,1.5,0.9,13.4,27.8,0.2,0.2,0.4,0.021,0.6,-2.1,-1.5,0.1,,166,12947835.0,,,,,,10651561.0,clarkjo01,16.37643915066626
Gary Payton II,32.0,GSW,SG,62.0,11.0,927.0,16.2,0.635,0.319,0.128,6.0,15.8,10.7,13.5,2.7,1.7,11.0,16.1,1.5,1.5,3.0,0.155,-0.5,2.0,1.4,0.8,,388,2296274.0,,,,,,2296274.0,paytoga02,14.646798367280478
Brandon Miller,22.0,CHO,SF,27.0,27.0,924.0,14.0,0.54,0.597,0.161,2.8,12.5,7.6,18.3,1.5,2.1,12.6,27.7,-0.2,0.7,0.4,0.023,0.8,-0.8,0.0,0.4,,149,11968800.0,15104626.0,,,,,27073426.0,millebr02,16.29781382188216
Immanuel Quickley,25.0,TOR,PG,33.0,33.0,918.0,17.5,0.57,0.514,0.292,1.8,12.1,6.8,31.5,1.2,0.4,10.5,25.1,1.8,0.6,2.5,0.128,3.2,-1.0,2.2,1.0,,50,32500000.0,32500000.0,32500000.0,32500000.0,,,130000000.0,quickim01,17.296750647299966
Day'Ron Sharpe,23.0,BRK,C,50.0,2.0,908.0,19.7,0.568,0.142,0.233,17.8,23.8,20.7,16.8,2.3,4.6,15.3,19.9,1.3,1.4,2.7,0.141,0.0,0.9,0.9,0.7,,230,6250000.0,6250000.0,,,,,6250000.0,sharpda01,15.648092021712584
Adem Bona,21.0,PHI,C,58.0,11.0,905.0,16.5,0.714,0.005,0.521,11.1,19.9,15.3,4.4,1.4,7.5,20.5,14.3,1.4,0.9,2.3,0.121,-2.9,0.2,-2.7,-0.2,,441,1955377.0,2296271.0,2486995.0,,,,,bonaad01,14.486093571685258
Tre Jones,25.0,CHI,PG,18.0,9.0,455.0,18.8,0.647,0.152,0.234,3.8,9.5,6.7,27.1,1.9,1.0,8.0,16.0,1.5,0.4,1.8,0.191,2.1,1.0,3.1,0.6,,203,8000000.0,8000000.0,8000000.0,,,,16000000.0,jonestr01,15.89495209964411
Chet Holmgren,22.0,OKC,C,32.0,32.0,877.0,19.2,0.599,0.34,0.393,6.0,25.0,15.7,9.7,1.3,8.2,12.3,22.0,1.1,2.0,3.2,0.173,0.5,1.9,2.4,1.0,,133,13731368.0,41500000.0,44820000.0,48140000.0,51460000.0,54780000.0,254431368.0,holmgch01,16.435193408614776
Neemias Queta,25.0,BOS,C,62.0,6.0,863.0,16.3,0.674,0.015,0.3,11.2,18.5,14.9,7.4,1.0,4.5,14.8,13.7,1.8,1.4,3.2,0.179,-1.7,1.0,-0.7,0.3,,354,2349578.0,2667944.0,,,,,,quetane01,14.669746295526831
Zion Williamson,24.0,NOP,PF,30.0,30.0,857.0,27.3,0.6,0.026,0.474,9.3,18.2,13.6,36.6,2.1,3.0,12.8,34.7,1.9,0.6,2.5,0.141,5.9,1.0,7.0,1.9,,28,39446090.0,42166510.0,44886930.0,,,,126499530.0,willizi01,17.490445487543145
Dereck Lively II,20.0,DAL,C,36.0,29.0,833.0,20.1,0.704,0.0,0.382,13.9,21.3,17.7,14.3,1.2,5.7,15.5,13.6,2.4,1.0,3.4,0.199,1.1,2.2,3.3,1.1,,257,5253360.0,7239131.0,,,,,12492491.0,livelde01,15.474378429855147
Ryan Rollins,22.0,MIL,PG,56.0,19.0,820.0,14.0,0.6,0.443,0.166,2.9,11.1,7.2,17.8,2.5,1.9,15.4,18.4,0.7,1.0,1.7,0.101,-1.4,0.9,-0.5,0.3,,286,4000000.0,4000000.0,4000000.0,,,,8000000.0,rolliry01,15.201804919084164
Marcus Sasser,24.0,DET,PG,57.0,1.0,811.0,14.0,0.589,0.514,0.172,2.5,6.9,4.7,22.9,2.2,0.5,14.5,19.4,1.0,0.8,1.8,0.108,-0.4,-0.2,-0.6,0.3,,324,2886720.0,5198983.0,,,,,8085703.0,sassema01,14.875631467450411
Steven Adams,31.0,HOU,C,58.0,3.0,794.0,16.6,0.541,0.012,0.557,21.8,22.0,21.9,10.9,1.3,3.2,20.6,13.6,1.0,1.3,2.3,0.137,0.0,0.3,0.3,0.5,,124,14130434.0,13000000.0,11869566.0,,,,39000000.0,adamsst01,16.463841468980245
Aaron Holiday,28.0,HOU,PG,62.0,3.0,792.0,12.2,0.594,0.675,0.153,1.7,8.9,5.2,14.3,1.2,1.2,11.5,16.8,1.2,0.8,2.0,0.122,-0.4,0.1,-0.2,0.3,,386,2296274.0,,,,,,2296274.0,holidaa01,14.646798367280478
Karlo Matković,23.0,NOP,PF,42.0,7.0,791.0,15.6,0.639,0.281,0.187,8.5,20.4,14.2,8.6,1.3,5.0,14.5,15.9,1.0,0.6,1.6,0.096,-1.9,-0.2,-2.0,0.0,,430,1955377.0,2296271.0,,,,,1955377.0,matkoka01,14.486093571685258
Jaylin Williams,22.0,OKC,PF,47.0,9.0,784.0,16.4,0.594,0.692,0.136,6.7,28.7,17.9,19.0,1.3,3.7,13.0,14.6,1.5,1.7,3.3,0.199,1.5,2.7,4.3,1.2,,193,8450704.0,7774648.0,7774648.0,,,,16225352.0,willija07,15.949760309472438
Pelle Larsson,23.0,MIA,SG,55.0,8.0,782.0,10.2,0.546,0.468,0.3,4.0,9.0,6.5,11.6,2.0,0.9,9.5,14.4,0.6,0.8,1.4,0.086,-3.8,0.7,-3.1,-0.2,,442,1955377.0,2296271.0,,,,,,larsspe01,14.486093571685258
Cam Thomas,23.0,BRK,SG,25.0,23.0,781.0,18.0,0.575,0.43,0.333,2.1,10.4,6.0,22.9,1.0,0.3,10.6,32.6,0.8,0.4,1.2,0.071,2.8,-2.6,0.3,0.5,,239,6837779.0,,,,,,5993172.0,thomaca02,15.737973529267466
Gui Santos,22.0,GSW,PF,56.0,2.0,762.0,11.7,0.575,0.575,0.235,9.9,14.5,12.1,14.2,1.6,1.2,17.5,13.2,0.8,0.9,1.7,0.11,-2.2,0.5,-1.7,0.1,,406,2221677.0,,,,,,2221677.0,santogu01,14.61377287407881
Landry Shamet,27.0,NYK,SG,50.0,0.0,762.0,9.7,0.601,0.678,0.078,1.7,7.5,4.6,4.7,1.5,0.2,8.5,14.8,0.5,0.5,1.0,0.065,-1.9,-0.6,-2.4,-0.1,,377,2296274.0,,,,,,2296274.0,shamela01,14.646798367280478
Svi Mykhailiuk,27.0,UTA,SF,38.0,13.0,760.0,9.8,0.526,0.672,0.116,3.1,9.6,6.4,14.7,1.2,0.9,14.1,20.3,-0.2,0.1,-0.1,-0.009,-1.4,-2.1,-3.5,-0.3,,296,3675000.0,3850000.0,4025000.0,,,,,mykhasv01,15.117063690629074
Andre Drummond,31.0,PHI,C,40.0,23.0,751.0,16.0,0.535,0.085,0.385,15.8,31.6,23.4,6.8,2.6,2.4,16.7,19.1,0.2,1.0,1.2,0.078,-2.4,-0.8,-3.2,-0.2,,262,5000000.0,,,,,,5000000.0,drumman01,15.424948470398375
Jett Howard,21.0,ORL,SF,60.0,0.0,701.0,7.1,0.491,0.71,0.088,3.1,8.6,5.7,9.6,0.9,1.5,11.7,19.2,-0.6,0.8,0.1,0.01,-4.1,-1.2,-5.3,-0.6,,248,5529720.0,7337939.0,,,,,5529720.0,howarje01,15.525647739305237
Quinten Post,24.0,GSW,PF,42.0,14.0,686.0,14.2,0.595,0.653,0.099,5.3,18.3,11.6,12.2,1.1,2.5,10.3,19.6,0.8,0.9,1.7,0.116,0.1,0.0,0.1,0.4,,436,1955377.0,,,,,,1955377.0,postqu01,14.486093571685258
Marcus Smart,30.0,WAS,PG,15.0,1.0,280.0,14.0,0.563,0.468,0.321,1.5,9.3,5.4,20.9,2.7,1.0,13.2,21.5,0.1,0.2,0.3,0.046,-1.5,-0.5,-1.9,0.0,,120,19920855.0,5390700.0,,,,,14786855.0,smartma01,16.807277730886366
Jalen Pickett,25.0,DEN,SG,49.0,4.0,666.0,10.9,0.545,0.561,0.044,2.6,8.8,5.9,19.5,1.4,0.7,11.6,13.2,0.8,0.3,1.1,0.078,-0.8,-0.7,-1.5,0.1,,407,2221677.0,2406205.0,,,,,2221677.0,pickeja02,14.61377287407881
Kyle Lowry,38.0,PHI,PG,35.0,12.0,659.0,9.8,0.525,0.752,0.282,1.8,10.0,5.8,19.2,2.5,1.6,13.8,10.1,0.6,0.4,1.0,0.07,-2.8,1.5,-1.3,0.1,,375,2296274.0,,,,,,2296274.0,lowryky01,14.646798367280478
Reed Sheppard,20.0,HOU,PG,52.0,3.0,654.0,9.7,0.465,0.594,0.067,2.6,10.3,6.4,15.2,2.6,2.3,13.1,17.8,-0.3,1.0,0.8,0.055,-3.0,1.3,-1.7,0.1,,167,10603560.0,11108880.0,14041625.0,,,,21712440.0,sheppre01,16.176700351754228
Herbert Jones,26.0,NOP,SF,20.0,20.0,648.0,10.4,0.541,0.419,0.233,3.6,9.6,6.5,13.8,2.8,1.3,15.6,14.6,0.1,0.3,0.4,0.033,-3.9,0.2,-3.6,-0.3,,130,13937574.0,14898786.0,20858300.0,22526964.0,24195628.0,,72221624.0,joneshe01,16.450098916587557
Jericho Sims,26.0,MIL,C,14.0,0.0,210.0,10.2,0.68,0.0,0.0,10.8,23.9,17.6,6.6,0.5,4.0,32.4,7.7,0.1,0.3,0.4,0.097,-2.8,0.9,-1.9,0.0,,346,2461463.0,2801346.0,,,,,2461463.0,simsje01,14.716266446582551
Zeke Nnaji,24.0,DEN,PF,57.0,4.0,608.0,12.0,0.574,0.369,0.312,6.3,9.8,8.1,4.6,2.0,5.6,8.0,12.2,0.6,0.6,1.2,0.097,-2.1,0.7,-1.3,0.1,,200,8177778.0,7466667.0,7466667.0,,,,15644445.0,nnajize01,15.916931033536798
Ajay Mitchell,22.0,OKC,SG,36.0,1.0,597.0,12.0,0.587,0.326,0.19,3.3,8.8,6.1,13.8,2.0,0.7,12.7,16.2,0.6,0.9,1.5,0.122,-2.5,0.9,-1.6,0.1,,319,3000000.0,2850000.0,2850000.0,,,,3000000.0,mitchaj01,14.914122846632385
Jae'Sean Tate,29.0,HOU,SF,52.0,2.0,588.0,12.3,0.557,0.311,0.318,8.9,12.4,10.6,10.5,2.2,1.1,11.5,13.3,0.8,0.8,1.6,0.133,-2.1,1.4,-0.7,0.2,,387,2296274.0,,,,,,2296274.0,tateja01,14.646798367280478
Olivier-Maxence Prosper,22.0,DAL,PF,52.0,4.0,584.0,12.6,0.484,0.293,0.437,8.4,15.0,11.8,9.1,2.2,0.9,6.3,16.3,0.3,0.5,0.9,0.072,-1.6,-0.5,-2.1,0.0,,458,1002360.0,1002360.0,1002360.0,,,,3007080.0,prospol01,13.817867777537952
Jarred Vanderbilt,25.0,LAL,PF,36.0,2.0,581.0,13.2,0.537,0.264,0.298,13.6,21.5,17.6,9.4,3.0,1.6,17.5,12.5,0.5,0.9,1.4,0.114,-2.3,1.3,-1.0,0.2,,153,11571429.0,12428571.0,13285714.0,,,,24000000.0,vandeja01,16.264049600618435
Joel Embiid,30.0,PHI,C,19.0,19.0,574.0,23.4,0.58,0.244,0.537,6.8,24.5,15.3,25.6,1.2,3.1,13.7,34.2,0.9,0.5,1.4,0.118,3.7,-0.3,3.5,0.8,,2,55224526.0,58100000.0,62748000.0,67396000.0,,,176072526.0,embiijo01,17.826917724164357
Moritz Wagner,27.0,ORL,C,30.0,1.0,564.0,22.3,0.649,0.301,0.442,7.7,23.1,15.0,13.7,2.1,2.0,14.1,26.8,1.0,1.0,2.0,0.174,2.6,1.4,4.0,0.9,,263,5000000.0,,,,,,5000000.0,wagnemo01,15.424948470398375
Dwight Powell,33.0,DAL,C,55.0,3.0,551.0,12.9,0.713,0.082,0.705,9.5,13.7,11.7,12.5,1.6,3.3,18.4,7.6,1.2,0.5,1.7,0.147,-1.5,1.5,0.0,0.3,,287,4000000.0,,,,,,4000000.0,poweldw01,15.201804919084164
Mouhamed Gueye,22.0,ATL,PF,33.0,28.0,533.0,14.4,0.52,0.474,0.246,8.8,20.0,14.3,6.6,2.5,5.7,7.3,15.7,0.4,0.8,1.2,0.106,-1.6,1.0,-0.6,0.2,,416,2221677.0,2406205.0,,,,,,gueyemo02,14.61377287407881
Bismack Biyombo,32.0,SAS,C,28.0,26.0,528.0,12.2,0.576,0.0,0.219,8.7,23.4,16.0,7.9,1.5,3.9,17.8,12.3,0.2,0.6,0.8,0.071,-3.6,0.0,-3.6,-0.2,,365,2296274.0,,,,,,2296274.0,biyombi01,14.646798367280478
Jaylen Clark,23.0,MIN,SG,40.0,4.0,522.0,12.0,0.598,0.425,0.308,5.6,5.6,5.6,6.7,3.4,0.4,5.5,12.0,0.9,0.7,1.6,0.147,-2.9,2.7,-0.2,0.2,,419,2191897.0,,,,,,2191897.0,clarkja02,14.600277936894928
Craig Porter Jr.,24.0,CLE,PG,51.0,1.0,513.0,13.1,0.61,0.343,0.229,4.1,9.9,7.1,17.7,1.6,2.6,19.8,15.9,0.5,0.6,1.1,0.102,0.1,1.0,1.1,0.4,,413,2221677.0,2406205.0,,,,,,portecr01,14.61377287407881
Keaton Wallace,25.0,ATL,PG,31.0,5.0,501.0,10.1,0.503,0.506,0.068,1.5,9.6,5.5,21.0,2.6,1.7,16.5,16.4,-0.1,0.5,0.4,0.034,-3.3,1.0,-2.3,0.0,,395,2296274.0,,,,,,2296274.0,wallake01,14.646798367280478
Brandon Williams,25.0,DAL,PG,33.0,3.0,487.0,18.3,0.634,0.319,0.351,2.7,10.1,6.5,23.2,2.4,0.9,15.2,22.6,0.9,0.4,1.3,0.129,1.0,-0.1,1.0,0.4,,399,2270735.0,,,,,,,willibr03,14.635614125595643
Grant Williams,26.0,CHO,PF,16.0,7.0,479.0,11.5,0.596,0.602,0.301,3.9,14.5,9.1,11.3,1.8,2.7,16.7,14.8,0.3,0.4,0.7,0.071,-2.3,0.7,-1.6,0.1,,135,13645500.0,14265750.0,,,,,27911250.0,willigr01,16.428920354912364
Collin Gillespie,25.0,PHO,PG,33.0,9.0,461.0,16.8,0.578,0.57,0.139,5.5,13.2,9.4,24.0,2.3,1.0,9.2,17.7,1.0,0.3,1.3,0.131,2.3,0.2,2.5,0.5,,374,2296274.0,,,,,,2296274.0,gilleco01,14.646798367280478
Rayan Rupert,20.0,POR,SG,52.0,0.0,460.0,8.1,0.499,0.415,0.211,6.0,10.6,8.2,7.6,1.7,0.8,16.2,16.8,-0.3,0.4,0.1,0.007,-4.1,-0.6,-4.7,-0.3,,403,2353647.0,,,,,,2221677.0,ruperra01,14.67147659803849
GG Jackson II,20.0,MEM,PF,29.0,3.0,459.0,9.3,0.482,0.477,0.201,6.3,14.8,10.6,8.2,1.2,1.0,12.5,21.7,-0.4,0.4,0.1,0.009,-3.3,-2.0,-5.3,-0.4,,405,2221677.0,2406205.0,,,,,2221677.0,jacksgg01,14.61377287407881
Jaylon Tyson,22.0,CLE,SG,47.0,3.0,453.0,11.1,0.523,0.389,0.161,9.1,13.7,11.5,12.4,1.4,0.6,14.0,17.4,0.3,0.5,0.8,0.083,-2.4,-0.2,-2.7,-0.1,,302,3492480.0,3658560.0,5641500.0,,,,7151040.0,tysonja01,15.06612264353995
Paul Reed,25.0,DET,C,45.0,0.0,438.0,18.6,0.573,0.197,0.296,10.2,20.8,15.6,14.0,4.3,5.4,13.9,18.0,0.6,1.0,1.6,0.173,-1.2,4.0,2.9,0.5,,256,5335894.0,5602689.0,,,,,5335894.0,reedpa01,15.489967001312817
Jordan Miller,25.0,LAC,SF,37.0,0.0,420.0,10.5,0.509,0.284,0.261,6.3,9.3,7.8,11.2,2.0,1.2,14.8,18.2,-0.1,0.5,0.4,0.049,-3.0,0.2,-2.8,-0.1,,470,712637.0,2497812.0,,,,,3210449.0,millejo02,13.476727453343132
Jordan Walsh,20.0,BOS,PF,52.0,1.0,403.0,6.9,0.464,0.663,0.145,6.2,12.4,9.3,6.0,1.5,2.5,16.1,11.5,-0.2,0.5,0.4,0.044,-4.4,0.5,-3.9,-0.2,,410,2221677.0,2406205.0,,,,,200000.0,walshjo01,14.61377287407881
Anthony Gill,32.0,WAS,PF,51.0,0.0,397.0,10.2,0.586,0.352,0.568,4.7,12.6,8.6,5.7,1.1,0.5,8.3,12.7,0.4,0.1,0.5,0.058,-3.0,-1.5,-4.5,-0.3,,361,2296274.0,,,,,,2296274.0,gillan01,14.646798367280478
Devin Carter,22.0,SAC,PG,36.0,0.0,396.0,10.8,0.471,0.48,0.346,5.4,16.2,10.8,13.5,2.6,1.0,11.0,17.9,-0.1,0.4,0.4,0.043,-3.5,0.3,-3.2,-0.1,,267,4923720.0,5158080.0,7370897.0,,,,10081800.0,cartede02,15.409574900331707
Jeff Green,38.0,HOU,PF,32.0,3.0,396.0,13.6,0.649,0.653,0.215,2.9,12.9,7.8,7.0,0.7,0.9,6.4,14.7,0.9,0.4,1.3,0.159,0.3,0.0,0.4,0.2,,385,2296274.0,,,,,,2296274.0,greenje02,14.646798367280478
Baylor Scheierman,24.0,BOS,SG,31.0,2.0,384.0,10.3,0.49,0.745,0.109,5.4,13.0,9.2,11.3,2.2,0.5,9.4,14.5,0.2,0.5,0.7,0.089,-2.5,0.8,-1.7,0.0,,340,2619000.0,2744040.0,4952993.0,,,,5363040.0,scheiba01,14.778303123489849
Johnny Furphy,20.0,IND,SG,50.0,0.0,379.0,9.8,0.506,0.543,0.239,6.8,14.0,10.4,6.2,2.3,2.6,10.6,13.0,0.1,0.5,0.5,0.07,-3.0,0.6,-2.5,0.0,,425,1955377.0,2296271.0,2486995.0,,,,4251648.0,furphjo01,14.486093571685258
Robert Williams,27.0,POR,C,20.0,3.0,351.0,18.9,0.679,0.038,0.218,10.5,26.3,18.2,8.6,1.8,8.5,16.6,12.2,0.6,0.7,1.3,0.175,-0.1,3.2,3.0,0.4,,139,13285713.0,,,,,,13285713.0,williro04,16.402199805288017
Doug McDermott,33.0,SAC,SF,42.0,3.0,342.0,9.5,0.617,0.863,0.043,1.0,6.2,3.6,2.8,0.6,0.6,4.8,15.7,0.4,0.1,0.4,0.061,-0.8,-2.4,-3.2,-0.1,,369,2296274.0,,,,,,2296274.0,mcderdo01,14.646798367280478
Terrence Shannon Jr.,24.0,MIN,SG,32.0,1.0,339.0,11.9,0.56,0.272,0.184,3.3,11.9,7.7,13.8,1.0,1.4,10.9,17.7,0.3,0.4,0.6,0.091,-2.1,0.0,-2.1,0.0,,336,2674080.0,2801640.0,5054159.0,,,,5475720.0,shannte01,14.799115953922753
Jevon Carter,29.0,CHI,PG,36.0,1.0,321.0,12.2,0.509,0.719,0.068,1.3,11.2,6.4,17.2,1.9,0.8,6.8,21.0,0.1,0.3,0.3,0.046,-1.0,-1.1,-2.1,0.0,,219,7680524.0,,,,,,6809524.0,carteje01,15.854198331963017
Tre Mann,23.0,CHO,PG,13.0,0.0,319.0,13.3,0.537,0.373,0.13,3.9,8.9,6.3,21.2,1.1,1.2,12.8,26.0,0.0,0.1,0.1,0.019,-0.6,-1.9,-2.4,0.0,,202,8000000.0,8000000.0,8000000.0,,,,16000000.0,manntr01,15.89495209964411
Jordan McLaughlin,28.0,SAS,PG,18.0,0.0,124.0,16.9,0.734,0.714,0.214,1.7,6.1,3.9,29.1,1.9,0.7,14.0,12.3,0.4,0.0,0.5,0.178,1.8,-0.5,1.3,0.1,,367,2296274.0,,,,,,2296274.0,mclaujo01,14.646798367280478
Matisse Thybulle,27.0,POR,SG,15.0,5.0,312.0,17.0,0.592,0.545,0.17,4.7,13.6,9.0,12.7,5.1,2.6,12.1,14.4,0.4,0.6,0.9,0.146,0.0,5.1,5.0,0.6,,154,11550000.0,,,,,,11550000.0,thybuma01,16.26219599493208
Tyler Kolek,23.0,NYK,PG,41.0,0.0,296.0,10.3,0.453,0.573,0.207,3.1,7.3,5.2,29.5,2.0,1.3,16.7,15.8,0.1,0.3,0.4,0.058,-2.6,-0.3,-2.8,-0.1,,418,2191897.0,2296271.0,2486995.0,,,,4488168.0,kolekty01,14.600277936894928
Mitchell Robinson,26.0,NYK,C,17.0,3.0,290.0,20.4,0.676,0.0,0.339,20.8,19.2,20.0,5.9,2.7,5.8,13.4,11.1,0.8,0.5,1.3,0.221,1.5,1.8,3.3,0.4,,141,12954546.0,,,,,,12954546.0,robinmi01,16.37695732697987
Dru Smith,27.0,MIA,SG,14.0,1.0,268.0,13.3,0.656,0.492,0.197,5.0,9.8,7.4,12.0,3.9,2.1,20.4,13.8,0.2,0.4,0.7,0.118,-1.3,3.4,2.1,0.3,,347,2378870.0,2584539.0,2934742.0,,,,2378870.0,smithdr01,14.68213614298327
Cam Spencer,24.0,MEM,SG,25.0,1.0,252.0,14.2,0.587,0.634,0.232,5.1,7.5,6.3,16.9,1.7,0.4,6.2,15.4,0.6,0.2,0.8,0.16,0.3,0.2,0.5,0.2,,342,2537989.0,2411090.0,2616754.0,2830685.0,,,7565833.0,spencca01,14.746882593125722
Pat Spencer,28.0,GSW,PG,39.0,0.0,250.0,12.6,0.455,0.218,0.149,6.3,13.7,9.9,28.1,2.7,1.1,14.3,21.2,-0.1,0.4,0.3,0.055,-3.0,1.4,-1.6,0.0,,461,857804.0,,,,,,857804.0,spencpa01,13.662130914145674
Dariq Whitehead,20.0,BRK,SF,20.0,0.0,246.0,9.4,0.58,0.771,0.052,1.8,12.1,6.7,7.8,1.2,0.4,13.3,20.1,-0.1,0.1,0.1,0.01,-1.5,-2.2,-3.7,-0.1,,310,3262560.0,,,,,,3262560.0,whiteda01,14.998022721248574
Garrett Temple,38.0,TOR,SG,28.0,0.0,227.0,8.5,0.406,0.467,0.2,4.2,9.7,6.8,17.4,3.6,0.8,13.3,13.9,-0.1,0.3,0.2,0.033,-5.7,2.1,-3.6,-0.1,,364,2296274.0,,,,,,2296274.0,templga01,14.646798367280478
Ariel Hukporti,22.0,NYK,C,25.0,1.0,217.0,7.6,0.654,0.0,0.419,7.5,19.4,13.5,6.4,0.2,6.4,36.4,11.6,-0.2,0.3,0.1,0.02,-6.5,0.9,-5.6,-0.2,,429,1955377.0,,,,,,1955377.0,hukpoar01,14.486093571685258
Bronny James,20.0,LAL,SG,27.0,1.0,181.0,7.1,0.424,0.478,0.209,2.6,8.5,5.6,16.5,2.4,1.6,15.1,20.9,-0.3,0.2,-0.2,-0.043,-5.9,-1.3,-7.2,-0.2,,434,1955377.0,2296271.0,2486995.0,,,,1955377.0,jamesbr02,14.486093571685258
Spencer Jones,23.0,DEN,SF,20.0,0.0,125.0,4.5,0.368,0.5,0.088,7.4,7.5,7.5,4.7,1.9,3.6,12.4,13.7,-0.2,0.1,-0.1,-0.031,-7.7,-0.8,-8.5,-0.2,,476,623967.0,,,,,,623967.0,jonessp01,13.34385276133774
Tyler Smith,20.0,MIL,PF,23.0,0.0,122.0,15.2,0.626,0.6,0.16,5.6,16.3,11.1,4.9,1.2,3.1,13.0,22.1,0.1,0.1,0.2,0.083,0.4,-1.2,-0.9,0.0,,431,1955377.0,,,,,,1955377.0,smithty02,14.486093571685258
Joe Ingles,37.0,MIN,SF,19.0,1.0,114.0,2.4,0.326,0.652,0.0,2.0,8.6,5.4,25.4,0.9,0.0,28.1,12.2,-0.2,0.1,-0.1,-0.035,-6.9,-0.1,-7.0,-0.1,,380,2296274.0,,,,,,2296274.0,inglejo01,14.646798367280478
Tony Bradley,27.0,IND,C,14.0,0.0,113.0,23.2,0.64,0.067,0.133,17.9,23.5,20.7,8.3,0.9,7.2,9.5,20.1,0.3,0.2,0.4,0.187,1.5,-0.3,1.2,0.1,,323,3204816.0,,,,,,3204816.0,bradlto01,14.98016523639246
Tony Bradley,27.0,IND,C,14.0,0.0,113.0,23.2,0.64,0.067,0.133,17.9,23.5,20.7,8.3,0.9,7.2,9.5,20.1,0.3,0.2,0.4,0.187,1.5,-0.3,1.2,0.1,,489,3204816.0,,,,,,3204816.0,bradlto01,14.98016523639246
Tony Bradley,27.0,IND,C,14.0,0.0,113.0,23.2,0.64,0.067,0.133,17.9,23.5,20.7,8.3,0.9,7.2,9.5,20.1,0.3,0.2,0.4,0.187,1.5,-0.3,1.2,0.1,,490,3204816.0,,,,,,3204816.0,bradlto01,14.98016523639246
Pacôme Dadiet,19.0,NYK,SG,18.0,0.0,111.0,6.3,0.446,0.613,0.194,3.1,15.4,9.3,5.6,1.3,1.7,10.6,14.7,-0.1,0.1,0.0,0.002,-4.9,-1.5,-6.5,-0.1,,326,2847600.0,2983680.0,5373608.0,,,,5831280.0,dadiepa01,14.861987092211855
Keshad Johnson,23.0,MIA,SF,16.0,0.0,98.0,19.1,0.718,0.269,0.346,6.8,24.6,15.8,6.3,2.5,3.9,11.8,15.4,0.2,0.2,0.4,0.181,-1.0,0.9,-0.1,0.0,,432,1955377.0,,,,,,1955377.0,johnske10,14.486093571685258
JD Davison,22.0,BOS,PG,16.0,0.0,93.0,6.5,0.445,0.529,0.206,2.3,12.8,7.6,19.1,2.7,1.0,26.0,23.6,-0.3,0.1,-0.2,-0.081,-5.9,-0.3,-6.2,-0.1,,398,2270735.0,,,,,,2270735.0,davisjd01,14.635614125595643
Cam Christie,19.0,LAC,SG,13.0,0.0,59.0,9.1,0.349,0.542,0.167,5.8,17.0,11.5,13.7,4.2,1.7,7.2,20.5,-0.1,0.1,0.0,-0.005,-5.5,3.0,-2.5,0.0,,435,1955377.0,2296271.0,2486995.0,,,,1955377.0,chrisca02,14.486093571685258
